date,mean,median,sum,std,max,min
2000-01-08,340289.16561085975,2927.0,376019528.0,7134908.982216393,222716931.0,1.0
2000-01-15,119987.70970537262,2095.0,138465817.0,2155027.781652014,52540192.0,0.0
2000-01-22,25499.787091366303,2000.0,30421246.0,151705.37067838263,4020000.0,2.0
2000-01-29,35397.857853589194,1470.0,49804786.0,659414.773572252,24000000.0,1.0
2000-02-05,34817.345528455284,1459.5,51390402.0,497077.4900163534,17492672.0,1.0
2000-02-12,40084.5876344086,1272.5,74557333.0,659528.8355398976,20362115.0,1.0
2000-02-19,12309.219498910676,1116.5,22599727.0,104230.40263835118,2950785.0,1.0
2000-02-26,14092.009960159363,1000.0,28296756.0,144402.28592626564,4000000.0,1.0
2000-03-04,15534.017267648553,1185.0,30586480.0,181447.27064913098,6586000.0,11.0
2000-03-11,7325.3715925394545,1024.0,5105784.0,45775.456040701865,942700.0,11.0
2000-03-18,17770.853982300883,936.5,32129704.0,242331.2799559369,6690270.0,5.0
2000-03-25,7224.541482300885,977.5,13061971.0,77461.90620279223,3000000.0,10.0
2000-04-01,15742.239030023095,1000.0,27265558.0,167008.94993393737,4935328.0,0.0
2000-04-08,43863.37088678193,900.0,78647024.0,1386578.5633744022,58522500.0,0.0
2000-04-15,9354.290245362059,980.0,15631019.0,85608.51395788818,2937989.0,3.0
2000-04-22,5393.530386740332,1080.0,5857374.0,26683.905953376365,562676.0,3.0
2000-04-29,20004.95935445308,980.0,33468297.0,275930.4019135494,7600000.0,10.0
2000-05-06,21565.118913857677,1030.5,23031547.0,538711.9136071199,17597018.0,3.0
2000-05-13,12600.190755208334,945.0,19353893.0,172407.37929458614,6172885.0,1.0
2000-05-20,344238.3265625,1233.5,440625058.0,4511229.31708592,131289377.0,2.0
2000-05-27,24809.998563218393,1125.5,34535518.0,546844.6231363958,20064000.0,11.0
2000-06-03,27332.413446267867,1156.0,51630929.0,429621.0530243313,16800000.0,1.0
2000-06-10,5740.72671127123,1156.0,11154232.0,44131.57513727215,1498171.0,1.0
2000-06-17,10201.352409638554,1100.0,23707943.0,158739.74165459687,5000000.0,1.0
2000-06-24,7082.840985442329,1077.0,12649954.0,94052.86421957816,2916744.0,1.0
2000-07-01,8739.121146330874,1134.0,20126196.0,88450.96584414518,2999262.0,3.0
2000-07-08,8932.297212230216,1090.0,19865429.0,97000.82678675523,3421109.0,0.0
2000-07-15,13940.563894523326,1089.0,34363490.0,186467.66356364437,5690410.0,0.0
2000-07-22,6309.457276995305,1017.0,13439144.0,68422.0288570421,2350000.0,0.0
2000-07-29,6022.237464522233,1008.0,12731010.0,85895.13658087024,3500000.0,0.0
2000-08-05,9181.758005489479,1100.0,20071323.0,82310.5698817556,2626810.0,3.0
2000-08-12,37134.49513274337,1189.0,83923959.0,1085284.493507451,51000000.0,0.0
2000-08-19,7496.916940789473,1098.5,18232502.0,68027.35993920534,1986827.0,4.0
2000-08-26,177429.05198996057,1000.0,494849626.0,4649249.272178291,224165000.0,3.0
2000-09-02,22427.039936733887,1083.0,56717984.0,451690.80401694705,21741370.0,3.0
2000-09-09,5510.481947483589,992.5,10073161.0,36087.81338333143,1000000.0,3.0
2000-09-16,12532.570270270271,1006.5,32459357.0,139188.6219201331,4324400.0,1.0
2000-09-23,4540.898032918507,987.0,11311377.0,28930.589796003827,828509.0,8.0
2000-09-30,19234.038949671773,1040.0,43949779.0,331965.67900991975,15000000.0,7.0
2000-10-07,6995.573812580231,1040.0,16348656.0,67399.14635321005,2400000.0,0.0
2000-10-14,5919.191124260355,1000.5,10003433.0,39219.08073680212,853000.0,1.0
2000-10-21,9172.045085296508,1041.5,22581575.0,72389.55212100885,1574000.0,1.0
2000-10-28,90414.97112647418,1068.0,222330414.0,3884056.2092562816,192502852.0,10.0
2000-11-04,9269.221719457013,1105.0,14339486.0,63898.700061994736,1700000.0,1.0
2000-11-11,16693.92898946547,956.0,42786540.0,318097.44097189367,14200000.0,0.0
2000-11-18,16501.199655023716,1010.0,38266282.0,192873.61368105368,5490347.0,0.0
2000-11-25,27050.63571961223,1085.5,72549805.0,613808.1886446106,27346204.0,6.0
2000-12-02,19143.655870445345,1080.0,61470279.0,357688.8692589185,16487923.0,9.0
2000-12-09,16827.443464929092,1200.0,43902800.0,172451.6205369956,4710000.0,4.0
2000-12-16,17294.871205151794,1380.0,56398575.0,242215.57490737943,12220800.0,1.0
2000-12-23,28718.519629907478,1658.0,114845360.0,442518.1362040092,21221275.0,7.0
2000-12-30,186631.39948149893,2480.0,791877028.0,3059323.9299058183,137183890.0,1.0
2001-01-06,124214.57083333333,2256.5,149057485.0,1594737.3067245493,41100000.0,0.0
2001-01-13,636339.7314878893,1719.0,919510912.0,22230651.312109567,844890117.0,0.0
2001-01-20,39303.954345917475,1500.0,89534408.0,474027.3270026183,20520000.0,0.0
2001-01-27,35351.14258841234,1361.5,93963337.0,615571.5161699108,22005312.0,0.0
2001-02-03,16683.895853118076,1380.0,52704427.0,178300.09692574452,8400000.0,0.0
2001-02-10,46015.18265306122,1192.0,135284637.0,1242659.7784421223,62348671.0,0.0
2001-02-17,11504.42857142857,1171.0,43728333.0,129322.96168997802,5550000.0,0.0
2001-02-24,86335.22094852776,1100.0,384105398.0,4637264.361049657,308640665.0,0.0
2001-03-03,10248.175464320626,1000.0,20967767.0,106463.31379060414,3600000.0,1.0
2001-03-10,13601.741093162203,990.0,61466268.0,432047.0740538171,27950000.0,0.0
2001-03-17,12167.700304645849,1006.0,63904762.0,272835.39119491406,14680425.0,0.0
2001-03-24,11558.118203309692,948.0,63558092.0,325043.57841516467,23497250.0,0.0
2001-03-31,6577.678120356612,900.0,35414219.0,94995.92372564183,6040899.0,0.0
2001-04-07,12466.771139530445,902.0,65313414.0,215791.33835562493,8400000.0,0.0
2001-04-14,3388.1976861167004,925.0,13471474.0,16544.060661296022,600000.0,1.0
2001-04-21,7330.513582035494,970.5,40479096.0,91417.03090511817,3991000.0,2.0
2001-04-28,8262.376299749014,950.0,46087535.0,241466.856036054,17459003.0,0.0
2001-05-05,5346.039449779392,900.0,20598290.0,50711.32273777928,2000000.0,0.0
2001-05-12,22824.854844887017,884.0,119191392.0,751585.8975072994,48143568.0,0.0
2001-05-19,9205.935910832462,900.0,52860484.0,165148.76507603185,8528400.0,0.0
2001-05-26,25850.228418640185,870.0,135351796.0,1421446.8997494725,102600000.0,1.0
2001-06-02,6010.365144677462,798.0,45282091.0,85432.31568114308,3847500.0,0.0
2001-06-09,6391.192647252602,817.0,48502761.0,122353.26917134276,5806305.0,0.0
2001-06-16,5151.149276974416,818.0,23154416.0,120519.47062635804,6627200.0,1.0
2001-06-23,4729.253482924423,880.0,38358975.0,81200.36018900058,6603619.0,0.0
2001-06-30,9520.110725816096,843.0,79616686.0,317221.87858521746,23500763.0,0.0
2001-07-07,5473.214813886452,890.0,43670781.0,73914.96464588756,4000000.0,0.0
2001-07-14,5667.249825864871,858.0,48817690.0,96412.61944073747,5946230.0,0.0
2001-07-21,4360.163911026526,847.0,36655898.0,65369.4684815702,4237920.0,0.0
2001-07-28,5958.345454545454,853.0,40963625.0,153759.39517028167,11500000.0,0.0
2001-08-04,5817.538426488457,880.0,38302673.0,108892.69492458194,7633158.0,0.0
2001-08-11,15022.095369170984,895.5,92776461.0,693406.88747923,54000000.0,0.0
2001-08-18,6545.642292490119,836.5,49681425.0,100567.85144116223,4000000.0,0.0
2001-08-25,65775.0585238026,877.0,451808877.0,2001798.8367990989,111434532.0,0.0
2001-09-01,11008.863704368641,871.5,73583245.0,286216.7522037408,17396016.0,1.0
2001-09-08,6550.541573452647,839.0,35137105.0,97422.44265630355,5558781.0,0.0
2001-09-15,6000.751696665683,883.0,40673095.0,112641.99478840365,6206000.0,0.0
2001-09-22,15810.242580835671,800.0,107082773.0,875002.0186791369,71500000.0,0.0
2001-09-29,21788.845161290323,876.0,158731737.0,1035101.726404474,80000000.0,0.0
2001-10-06,8941.23146980524,923.0,63813569.0,208466.80027841622,15000000.0,0.0
2001-10-13,16971.60590056456,999.0,93191088.0,547945.5065080603,36863400.0,0.0
2001-10-20,11399.683242400624,940.0,73128968.0,211740.62375410792,9865380.0,0.0
2001-10-27,9958.789967252158,977.0,66903151.0,294569.53931524866,19448520.0,0.0
2001-11-03,12398.377970749543,1000.0,81382953.0,300395.7062414711,15400858.0,0.0
2001-11-10,6343.635954494312,983.0,50742744.0,136579.73745029856,8176680.0,0.0
2001-11-17,4251.460076045628,1000.0,29071484.0,52064.44968534497,2602650.0,0.0
2001-11-24,5418.019166317554,1000.0,51731247.0,90724.28539584577,7440720.0,0.0
2001-12-01,4313.715726636476,1000.0,41912062.0,53200.10888490232,3000000.0,0.0
2001-12-08,5766.747998557519,1135.0,79955961.0,114091.05415260613,10683691.0,0.0
2001-12-15,14333.192120765832,1050.0,194644749.0,645728.5738788032,70000000.0,0.0
2001-12-22,26239.795256706344,1320.0,295407615.0,494929.73825964273,38000000.0,0.0
2001-12-29,47138.8162234296,1500.0,494533321.0,1659337.6809441913,159286000.0,0.0
2002-01-05,46407.38070246266,2400.0,114951082.0,684001.2683966028,25000000.0,0.0
2002-01-12,85820.84495317377,3000.0,82473832.0,1794806.3249336432,55530326.0,0.0
2002-01-19,155628.91051136365,2400.0,219125506.0,2834832.654336985,99346378.0,0.0
2002-01-26,17577.634793089594,1485.0,43750733.0,154123.13983866802,4890964.0,1.0
2002-02-02,19959.210154525386,1000.0,90415222.0,171897.68170524825,5650000.0,0.0
2002-02-09,27887.71727622714,1053.5,115901353.0,699257.5365504727,36910000.0,0.0
2002-02-16,16293.287792207791,1000.0,31364579.0,177076.33775085636,5618049.0,0.0
2002-02-23,36016.09288793104,1001.0,167114671.0,912663.332044903,47561126.0,0.0
2002-03-02,12075.75188781014,990.0,67165332.0,182915.7073289155,10000000.0,0.0
2002-03-09,23189.95573654391,1022.0,130976870.0,485571.4612771495,23001265.0,0.0
2002-03-16,5990.382027318476,993.0,41663107.0,69015.06728259406,3225000.0,0.0
2002-03-23,17895.152065899583,975.0,136862123.0,950101.2536365767,82660921.0,0.0
2002-03-30,7025.822970639033,1000.0,40679515.0,66829.7240317034,2428480.0,0.0
2002-04-06,9154.4109260493,910.0,68703854.0,190000.55554815682,10800000.0,0.0
2002-04-13,7956.32484990864,865.0,60961361.0,224625.0065448941,16500000.0,0.0
2002-04-20,40201.65117801047,886.5,307140615.0,3037768.7815003493,265360000.0,0.0
2002-04-27,4367.974621121,819.0,36315341.0,46942.00054480916,2600000.0,0.0
2002-05-04,14580.50326589135,909.0,91521819.0,505188.6909459187,36715728.0,0.0
2002-05-11,8120.26965034965,973.5,58059928.0,221763.79025882785,17699468.0,0.0
2002-05-18,5780.757395732298,825.0,47679687.0,121538.95191487139,7727759.0,0.0
2002-05-25,4182.6270467664035,854.0,35506321.0,54884.72085945366,3723293.0,0.0
2002-06-01,5396.968681318681,850.0,29467449.0,93510.86212899347,4879848.0,1.0
2002-06-08,7826.754888986914,881.0,53229760.0,161525.05862235226,9273901.0,1.0
2002-06-15,13630.411133371494,879.0,95249313.0,645579.0206553612,52579478.0,1.0
2002-06-22,6230.616869918699,928.0,36785562.0,140701.9858094745,9983249.0,0.0
2002-06-29,75839.42634914537,890.0,394895893.0,5071871.889716436,366012238.0,1.0
2002-07-06,22116.384861607985,900.0,117460120.0,1103693.116499438,80000000.0,0.0
2002-07-13,5348.570156276256,861.0,31829341.0,70763.65957210459,4034340.0,1.0
2002-07-20,4579.6759619878485,810.0,29396940.0,69242.60906729224,4113996.0,0.0
2002-07-27,13657.968647845468,811.0,91918129.0,619325.5721691559,49721346.0,0.0
2002-08-03,4375.135509252514,884.0,30026555.0,43365.59136568308,2000000.0,1.0
2002-08-10,6170.405165707173,900.0,39657194.0,121559.17035812918,9165000.0,0.0
2002-08-17,7487.1674718196455,870.5,46495310.0,239000.8429339126,18048000.0,1.0
2002-08-24,25041.80119159611,800.0,159716608.0,1037407.3105200408,80000000.0,0.0
2002-08-31,25354.435721581787,800.0,173753948.0,848091.6043250763,42644305.0,0.0
2002-09-07,14210.179629027009,884.5,87335764.0,438375.63210762205,32784500.0,0.0
2002-09-14,6265.538869257951,900.0,42555540.0,99081.58384770149,5916010.0,0.0
2002-09-21,11041.465225992999,970.0,72553468.0,325887.1965710986,22304000.0,0.0
2002-09-28,5112.035746201966,900.0,34322208.0,87824.35380025374,6000000.0,0.0
2002-10-05,18677.202875629046,960.0,129899946.0,1169345.399307504,97440000.0,0.0
2002-10-12,6012.576407892841,1000.0,41745318.0,124709.03851147347,9476374.0,0.0
2002-10-19,5822.114196270587,1000.0,42775073.0,90849.65246098134,4663902.0,0.0
2002-10-26,7816.937258326057,1000.0,62668386.0,211863.9309692773,17695100.0,1.0
2002-11-02,9952.966872317596,1000.0,74209321.0,513125.69783151627,44196970.0,0.0
2002-11-09,6006.904648557827,1051.5,42901313.0,70564.7903611971,3007715.0,0.0
2002-11-16,9414.215462427746,1058.0,65146371.0,169957.85874748742,8203565.0,0.0
2002-11-23,20586.964087809036,1058.0,193188071.0,427192.92659910524,24000000.0,0.0
2002-11-30,14996.374202448698,1060.0,173927948.0,793222.5621329184,80000000.0,0.0
2002-12-07,4225.490213239975,1100.0,53105961.0,47357.00012938445,3906000.0,0.0
2002-12-14,5961.398451074815,1374.0,120080449.0,77321.8847041461,5000000.0,0.0
2002-12-21,25501.707243355915,1530.0,244688881.0,998769.3408824748,78378840.0,0.0
2002-12-28,45729.061657032755,1712.5,47466766.0,457571.8269452813,10000000.0,1.0
2003-01-04,77090.37725118484,4019.0,81330348.0,873070.6810095414,25446924.0,0.0
2003-01-11,242628.6964980545,3000.0,187066725.0,2462291.0712308916,39653746.0,0.0
2003-01-18,64219.13956170704,3000.0,55677994.0,650490.8488579637,12900000.0,0.0
2003-01-25,45895.0564231738,1591.0,91101687.0,602794.3284829786,21098780.0,0.0
2003-02-01,19954.594836488814,1492.0,57968098.0,176807.64538033537,7200000.0,0.0
2003-02-08,18412.608315677968,1120.0,69526009.0,183899.6008070605,7551000.0,0.0
2003-02-15,10265.156386595434,1050.0,42271914.0,93528.08371428585,3249000.0,0.0
2003-02-22,19079.758629130967,1200.0,77940814.0,331982.05439913133,17406926.0,1.0
2003-03-01,13212.975357142857,1050.0,73992662.0,210318.85740998227,13015287.0,0.0
2003-03-08,8338.851053639846,1150.0,17411521.0,137525.37442974135,6210222.0,0.0
2003-03-15,11363.564528416882,1000.0,74579074.0,181295.57105624757,9300000.0,0.0
2003-03-22,13084.399181600113,1000.0,92729137.0,353364.7247295071,25208034.0,0.0
2003-03-29,16303.632264529058,952.0,113897175.0,479633.43636648374,25587947.0,0.0
2003-04-05,7030.175180194296,899.5,44866578.0,136284.732343413,9810065.0,0.0
2003-04-12,13052.93173553719,941.5,78970237.0,477254.39816568315,36000000.0,0.0
2003-04-19,6665.568212516884,930.0,29608454.0,179739.92768510352,11767510.0,0.0
2003-04-26,30785.41260250324,912.0,142659602.0,1509250.049952299,102276285.0,0.0
2003-05-03,6312.1542311192,964.0,27748230.0,111754.83704144946,6931009.0,0.0
2003-05-10,7229.20115565186,967.0,40035316.0,140397.6796274346,8094000.0,0.0
2003-05-17,6249.389671361502,950.0,33278000.0,70243.86289414033,3525847.0,0.0
2003-05-24,8116.7784082195985,846.0,52929512.0,213234.15455614985,11054299.0,0.0
2003-05-31,17322.418356923976,820.0,118710533.0,1021737.8167996351,84336000.0,0.0
2003-06-07,6152.118577747533,900.0,36162153.0,71734.60488210524,3581748.0,0.0
2003-06-14,7734.441195168468,940.0,48665104.0,285170.1942572632,22407141.0,0.0
2003-06-21,6646.58205782313,850.0,31265522.0,208380.77134518174,14000000.0,0.0
2003-06-28,69819.98411169957,977.0,435048321.0,2688489.1379668047,122257200.0,0.0
2003-07-05,12515.710180003025,940.0,82741360.0,364801.2814994766,28000000.0,0.0
2003-07-12,12679.115359477124,885.0,77596186.0,475581.96320535557,36469797.0,0.0
2003-07-19,4336.568266999821,898.0,24297792.0,75964.65788364831,4946400.0,0.0
2003-07-26,6939.010779122542,814.5,36693489.0,131624.54307296805,7585360.0,0.0
2003-08-02,8573.296935186736,859.0,51191156.0,215060.5720172473,15614414.0,0.0
2003-08-09,11672.109272225758,980.0,55010651.0,203609.7715549725,11057954.0,0.0
2003-08-16,5019.855445544555,977.0,25350270.0,44567.508358209845,1366468.0,0.0
2003-08-23,4492.889625141992,900.0,23731443.0,43742.82006120521,2300000.0,0.0
2003-08-30,17968.30001830496,950.0,98160823.0,467552.7458323161,24051503.0,0.0
2003-09-06,9487.658169587537,900.0,53595781.0,231541.49085736417,14085196.0,0.0
2003-09-13,13748.766993632766,909.0,79894085.0,314712.17030469934,20100000.0,0.0
2003-09-20,18043.23548332487,920.0,106581392.0,886855.1545113854,67320000.0,0.0
2003-09-27,14282.529705361456,890.0,88708792.0,341817.3239786111,16157161.0,0.0
2003-10-04,10621.189695919333,985.0,67412691.0,237442.6818365366,14120208.0,0.0
2003-10-11,60437.464052287585,916.5,388371144.0,1873209.3151487813,92205782.0,0.0
2003-10-18,18579.157692897683,910.0,121117529.0,829132.2554395791,66073031.0,0.0
2003-10-25,9125.277660536629,952.0,60537092.0,232633.8053729445,14893500.0,0.0
2003-11-01,14723.20447284345,950.0,87558897.0,627043.5510590079,46700453.0,0.0
2003-11-08,9200.83756192764,960.0,61286779.0,229261.89201594965,13337100.0,0.0
2003-11-15,5735.442566163226,947.0,41392689.0,80034.021976183,5568000.0,0.0
2003-11-22,14979.752613623858,1014.0,136121012.0,315679.13129912113,21812636.0,0.0
2003-11-29,10306.279004415897,1000.0,77018823.0,162322.67579837248,6870030.0,0.0
2003-12-06,14213.979421629952,1200.0,156794407.0,327424.2895734747,27785191.0,0.0
2003-12-13,23929.58233358106,1500.0,450785472.0,965056.0679301445,125129925.0,0.0
2003-12-20,18216.984088269455,1691.5,156848233.0,379427.0098066111,27838800.0,0.0
2003-12-27,37128.45226686325,1762.0,100729491.0,816100.7689965422,35190702.0,0.0
2004-01-03,101680.73361227335,2360.5,145810172.0,1280186.9242587646,42882900.0,0.0
2004-01-10,56593.141878669274,3000.0,57838191.0,318457.697957358,5500000.0,1.0
2004-01-17,337502.09519038076,3576.0,336827091.0,5399805.5903773215,123411600.0,0.0
2004-01-24,125120.21982116245,2000.0,167911335.0,2485405.6016161907,86023020.0,0.0
2004-01-31,50934.754359363156,1501.0,134365882.0,964761.4648563459,41305680.0,0.0
2004-02-07,24894.240941049215,1200.0,92058903.0,327006.9988479234,11560000.0,0.0
2004-02-14,100520.53621467586,1155.0,423291978.0,5766730.794771426,374221013.0,0.0
2004-02-21,26599.392771084338,1173.0,99348732.0,479269.26756950194,25313844.0,0.0
2004-02-28,51904.83510340973,1200.0,92857750.0,955569.7990416308,35000000.0,0.0
2004-03-06,20002.10627400768,1158.5,93729870.0,232334.8506982076,10089537.0,0.0
2004-03-13,21971.75723793677,1000.0,132050261.0,846792.2493876731,64786121.0,0.0
2004-03-20,30443.85164394547,1000.0,189817415.0,1237246.9305068324,95090809.0,0.0
2004-03-27,8108.339838103499,1000.0,56093495.0,184176.22162721847,12950000.0,0.0
2004-04-03,23582.316236020055,1021.0,183446838.0,1083984.6519541238,83516400.0,0.0
2004-04-10,9820.743743743744,1040.0,39243692.0,171043.80267479538,8619380.0,0.0
2004-04-17,15756.93202705046,1001.0,90870227.0,338410.40252755734,18281354.0,0.0
2004-04-24,6127.392139545153,1040.0,27750959.0,92730.84597362297,5454770.0,0.0
2004-05-01,10981.943805235951,1080.0,65858717.0,194427.46442115965,10342800.0,0.0
2004-05-08,8273.47651565623,960.0,49673953.0,144620.7364313914,7376132.0,0.0
2004-05-15,6544.550638022936,1058.0,40517313.0,133631.66144547384,9213752.0,0.0
2004-05-22,3990.232802495485,999.0,24304508.0,24406.749743264754,787011.0,0.0
2004-05-29,21586.891371818747,975.0,104329446.0,630867.157055423,40013536.0,0.0
2004-06-05,4700.6357061286635,990.5,24697140.0,59822.93887218072,3602909.0,0.0
2004-06-12,11036.293852735871,999.0,49012181.0,313456.550744077,20000000.0,0.0
2004-06-19,27439.22153740798,1000.0,160272493.0,1160698.0300970192,73355909.0,0.0
2004-06-26,8763.134485215533,1000.0,49196237.0,193110.21767453867,9500000.0,0.0
2004-07-03,9790.656862745098,963.5,53926938.0,161654.34421224584,9362392.0,0.0
2004-07-10,15983.339282428702,1000.0,86869449.0,448848.9709103001,21500000.0,0.0
2004-07-17,4885.650037509377,1000.0,26050286.0,46726.210827385235,1500000.0,0.0
2004-07-24,44158.74995274995,1000.0,233643946.0,2295098.374943238,165548065.0,0.0
2004-07-31,24274.928405122235,1100.0,125112981.0,541739.8577495264,27483365.0,0.0
2004-08-07,12745.271489534647,1000.0,62719481.0,302154.1893683602,13331428.0,0.0
2004-08-14,10273.719532868714,1100.0,54543177.0,154980.8595267247,6520140.0,0.0
2004-08-21,8343.287707997853,990.0,46630635.0,120529.94716076324,4910800.0,0.0
2004-08-28,11738.640819184317,1053.0,67062855.0,288159.8023342372,20000000.0,0.0
2004-09-04,9272.47932981242,1014.0,50915184.0,158613.90920801056,10361250.0,0.0
2004-09-11,13469.434642147116,1011.5,54201005.0,448067.2198071906,27881600.0,0.0
2004-09-18,30463.537346359913,1000.0,193321608.0,787362.8884639979,44680971.0,0.0
2004-09-25,68389.25657598076,1000.0,454993724.0,1943840.7951336189,100628671.0,0.0
2004-10-02,14566.974113674733,1071.0,103542052.0,389267.64538406313,28090000.0,0.0
2004-10-09,57095.6209444266,1018.5,355477336.0,3747442.7940902207,295433199.0,0.0
2004-10-16,8183.713966979028,1064.0,36679406.0,102864.07870457949,4400000.0,0.0
2004-10-23,11086.699003124535,1080.0,74513704.0,361458.95966534835,28603035.0,0.0
2004-10-30,6526.993173604605,1096.0,48763166.0,116841.24385705046,7395162.0,0.0
2004-11-06,9548.065014720314,1135.0,38917913.0,289322.37814989616,18227736.0,0.0
2004-11-13,10861.115683778815,1200.0,76798949.0,340915.52636111894,19850000.0,0.0
2004-11-20,6239.90317092034,1110.0,40340974.0,83407.00774462103,3800000.0,0.0
2004-11-27,10405.675722145805,1160.0,90779115.0,311607.5927291366,26510859.0,0.0
2004-12-04,7839.471223021583,1200.0,69739936.0,95380.87430662526,5178392.0,0.0
2004-12-11,20960.641473642172,1200.0,209941785.0,715313.6867714413,65000000.0,0.0
2004-12-18,16361.226905603231,1454.5,194469543.0,434129.4604213433,44000000.0,0.0
2004-12-25,25269.60407559784,2000.0,393093961.0,642915.6568458522,59050287.0,0.0
2005-01-01,239022.26772287863,2216.0,890118925.0,6591633.396915391,289207795.0,0.0
2005-01-08,335238.93849658314,3989.5,294339788.0,5205476.399883111,115000000.0,0.0
2005-01-15,339971.8095238095,3800.0,278436912.0,5513376.789446272,130000000.0,0.0
2005-01-22,319537.1893048128,3000.0,298767272.0,5073609.428485393,108202632.0,0.0
2005-01-29,48168.58769742311,2100.0,57946811.0,325320.4625869086,7752000.0,0.0
2005-02-05,74235.53355426677,2513.0,179204578.0,1152510.5337754155,39600000.0,0.0
2005-02-12,18852.420475319926,1680.0,30936822.0,133407.30079372553,3300000.0,0.0
2005-02-19,78368.01170261588,1595.5,341527795.0,2408852.067932452,142561296.0,0.0
2005-02-26,84957.0942140297,1320.0,497763615.0,2405876.1160331364,144566400.0,0.0
2005-03-05,32403.070035646888,1399.0,154530241.0,695431.7552931107,41472000.0,0.0
2005-03-12,20080.44281345566,1300.0,98494572.0,388874.0968121752,21490350.0,0.0
2005-03-19,29285.163671128106,1080.0,153161406.0,1060688.2850835673,75253794.0,0.0
2005-03-26,11899.967386311439,1200.0,51812458.0,139340.5619528074,4860000.0,0.0
2005-04-02,17651.47197309417,1225.5,125960904.0,335592.3451736793,17930970.0,0.0
2005-04-09,58966.0073063809,1200.0,363171639.0,3126531.798245611,242850154.0,0.0
2005-04-16,11702.31773004168,1150.5,72999058.0,147852.22788975638,6722643.0,0.0
2005-04-23,5982.3594845127745,1153.0,26459976.0,40492.853676584185,1000000.0,0.0
2005-04-30,47659.105552933775,1200.0,302968934.0,2559716.099347234,202950057.0,0.0
2005-05-07,15981.231369426752,1150.5,100362133.0,527618.9615769732,34229937.0,0.0
2005-05-14,17267.151631477926,1120.0,107954232.0,386866.15349755605,20121406.0,0.0
2005-05-21,33984.533277591974,1132.5,203227509.0,1845443.1980548261,142137520.0,0.0
2005-05-28,25740.70483906284,1130.0,117557799.0,1093684.864953101,73423537.0,0.0
2005-06-04,35962.49589958159,1150.0,214875913.0,1243692.9480320239,64011019.0,0.0
2005-06-11,10634.17739864245,1146.0,57966901.0,158915.59788654637,7584000.0,0.0
2005-06-18,8611.301206957756,1100.0,48516071.0,155406.36720462487,9858570.0,0.0
2005-06-25,12731.290746486586,1130.0,69754742.0,251332.39930534808,15342132.0,0.0
2005-07-02,18457.31227694504,1155.0,103434778.0,668472.0457181644,48747115.0,0.0
2005-07-09,7613.285919282511,1200.0,42444069.0,126126.64110835623,7803000.0,0.0
2005-07-16,7550.271199103474,1039.0,40424152.0,138535.2515377134,8769208.0,0.0
2005-07-23,29422.639532886828,1000.0,171328030.0,952834.3500860984,58593600.0,0.0
2005-07-30,45815.32398858486,1183.0,272921885.0,1700238.0881212004,124091254.0,0.0
2005-08-06,3502651.856439394,1040.0,18494001802.0,247706977.2303286,18000000000.0,0.0
2005-08-13,25197.400693507996,1004.0,130799707.0,940920.7571563435,62000000.0,0.0
2005-08-20,12343.932128365917,1056.0,66928800.0,346863.00813819916,23001761.0,0.0
2005-08-27,8433.346741154563,1040.0,45287072.0,136231.00789022952,7595222.0,0.0
2005-09-03,10187.215863260995,1100.0,53044833.0,174996.15001412557,7393620.0,0.0
2005-09-10,11708.896535244923,1032.0,49001732.0,444373.044529589,28603035.0,0.0
2005-09-17,7254.52774566474,1049.0,37650999.0,93576.61452518615,4654701.0,0.0
2005-09-24,63592.230012748136,1020.0,349184935.0,1128885.1621676327,36551029.0,0.0
2005-10-01,40010.928219084875,1100.0,235224247.0,1625385.545884508,120655868.0,0.0
2005-10-08,18864.405867126832,1000.0,109319232.0,356577.02951977775,17999013.0,0.0
2005-10-15,19072.080916649767,1113.0,94044431.0,601136.0172904165,30900605.0,0.0
2005-10-22,10161.866479049406,1190.0,64995298.0,167380.41305706077,6015600.0,0.0
2005-10-29,6681.655673469388,1094.0,40925141.0,80967.67271885568,3733670.0,0.0
2005-11-05,39294.77879604672,1179.0,218675444.0,1789421.9637568358,132081106.0,0.0
2005-11-12,12840.95637261627,1250.0,93597731.0,177660.61873927896,9304200.0,0.0
2005-11-19,36608.864551942905,1264.0,230818891.0,1836049.1587174,142621500.0,0.0
2005-11-26,14961.437249283668,1399.0,130538540.0,314401.8644575084,25677496.0,0.0
2005-12-03,18806.236506062884,1390.0,175255318.0,502251.6732631316,42083729.0,0.0
2005-12-10,25987.96277915633,1497.0,240882427.0,318654.7826385522,14494500.0,0.0
2005-12-17,38538.62133264905,1680.0,450555022.0,692657.7287161218,44994886.0,0.0
2005-12-24,81703.351321124,2000.0,1168848144.0,2646691.680774439,237202000.0,0.0
2005-12-31,64174.36855524079,2500.0,226535521.0,644843.0038632619,26118631.0,0.0
2006-01-07,65319.7343387471,4970.0,56305611.0,285675.64783735917,3740000.0,0.0
2006-01-14,121291.66454013823,2550.0,228149621.0,954199.166156917,26000000.0,0.0
2006-01-21,67437.62494605093,1822.0,156252977.0,1273293.739618762,59334459.0,0.0
2006-01-28,52950.033854166664,1800.0,142329691.0,672880.2045131875,21812636.0,0.0
2006-02-04,162592.14411505722,1665.0,553951435.0,4048688.683847726,207626385.0,0.0
2006-02-11,20292.237754417358,1500.0,90726595.0,356017.49355981126,20821672.0,0.0
2006-02-18,16093.537140403607,1281.0,74963696.0,240806.5741440227,13900000.0,0.0
2006-02-25,23068.444686756542,1100.0,116357235.0,385817.01636443095,20230616.0,0.0
2006-03-04,37904.17875499714,1080.0,66370217.0,766312.545236145,25169000.0,0.0
2006-03-11,11638.066365007542,1146.0,54012266.0,153501.04977516434,6285226.0,0.0
2006-03-18,46163.112394957985,920.5,263683698.0,2271658.94848876,168840000.0,0.0
2006-03-25,29942.588484960324,1000.0,162258887.0,1460363.8269082173,106926561.0,0.0
2006-04-01,31508.63442340792,1074.5,183065166.0,1705605.6645730492,129500000.0,0.0
2006-04-08,11491.066679626749,1009.5,59110047.0,355119.74798742036,24466361.0,0.0
2006-04-15,10288.826743893225,1072.0,40856931.0,167081.61133512622,8593303.0,0.0
2006-04-22,5843.987075519513,1023.0,23060373.0,59484.70873198104,2743279.0,0.0
2006-04-29,24825.166396250224,1078.0,137705198.0,1021443.1559762495,71453056.0,0.0
2006-05-06,38164.507311320755,1000.0,161817511.0,1964065.0492165675,127729986.0,0.0
2006-05-13,8063.849179144868,997.0,44697916.0,119781.65343504118,5032000.0,0.0
2006-05-20,9645.693652736492,1044.0,55163722.0,168723.37986364713,8696160.0,0.0
2006-05-27,10041.806561729565,1080.0,52950446.0,170906.93805824904,9487500.0,0.0
2006-06-03,12442.443096682126,1016.0,69752336.0,388542.4004145866,28479292.0,0.0
2006-06-10,17974.555139486987,1059.0,96002099.0,564387.0074382531,31780000.0,0.0
2006-06-17,38166.06087906088,1030.0,139802281.0,1337133.7579933782,76950000.0,0.0
2006-06-24,13463.636775533321,1000.0,71316884.0,382101.12897496007,22277197.0,0.0
2006-07-01,13146.049455984174,1041.0,66453280.0,212107.5302543587,8123724.0,0.0
2006-07-08,6798.406657839985,1010.0,35943176.0,79895.94203848577,3312444.0,0.0
2006-07-15,11705.805364626991,1050.0,69825129.0,347234.8144950007,21120000.0,0.0
2006-07-22,12832.141692906094,1090.0,69280733.0,289928.15941755235,18471375.0,0.0
2006-07-29,8036.158519961052,1084.0,41265674.0,87503.71623725854,4510651.0,0.0
2006-08-05,7265.229178007621,1060.0,40038678.0,81339.97183231183,4095626.0,0.0
2006-08-12,13543.392666429334,1107.0,76086780.0,247486.18476753245,11107602.0,0.0
2006-08-19,14962.803895231698,1004.5,89118460.0,559839.3299700181,40886423.0,0.0
2006-08-26,14457.795378432686,1050.0,86341954.0,259407.28165411527,10428219.0,0.0
2006-09-02,17787.74843692534,1079.0,96729776.0,448315.56459666725,30036258.0,0.0
2006-09-09,17797.588326047826,1140.0,69214821.0,399241.1350636064,22000000.0,0.0
2006-09-16,55009.51366999035,1000.0,342049156.0,1569582.3003252083,87052693.0,0.0
2006-09-23,16626.398556804834,1008.0,99076709.0,456562.3370132229,29157103.0,0.0
2006-09-30,9262.35605006954,1156.5,53277072.0,186172.79986308888,11152700.0,0.0
2006-10-07,45913.45905459388,1150.0,275848062.0,1700102.9159967196,124102378.0,0.0
2006-10-14,19758.2100895392,1171.0,90472844.0,426677.98502897227,19659602.0,0.0
2006-10-21,31494.958930998037,1079.0,208591113.0,1804686.3675982652,146347300.0,0.0
2006-10-28,17314.05533002556,1034.0,115155782.0,479915.6259703003,30499373.0,0.0
2006-11-04,105250.51789187087,1150.0,541198163.0,5253521.951597794,362006554.0,0.0
2006-11-11,7316.5416487455195,1165.0,51032878.0,75499.13590393665,3528200.0,0.0
2006-11-18,14700.227085315573,1150.0,92699632.0,218428.60799959803,9454284.0,0.0
2006-11-25,6976.330610979014,1102.0,67482046.0,122522.24201068048,8600000.0,0.0
2006-12-02,12779.266571018652,1407.0,133607232.0,193893.58656444596,12976399.0,0.0
2006-12-09,45568.09207815275,1600.0,641370896.0,2156150.182462777,250024725.0,0.0
2006-12-16,30469.251493464246,1622.0,515143635.0,647015.3682151627,59401749.0,0.0
2006-12-23,113327.36932447397,1790.0,204669229.0,2559338.3362741065,107149309.0,0.0
2006-12-30,183538.30588673623,1860.0,492616813.0,3832448.638427303,134509770.0,0.0
2007-01-06,65587.02506963788,4180.0,47091484.0,380365.0638241494,6565000.0,0.0
2007-01-13,93495.04824561403,3023.0,149218097.0,706568.6260755819,15457194.0,0.0
2007-01-20,120436.19818913481,2353.0,239427162.0,1922135.5415576934,71880000.0,0.0
2007-01-27,85427.21013645224,1597.0,219120794.0,1871322.0842692964,90000000.0,0.0
2007-02-03,78506.54085457271,1726.5,209455451.0,1800221.7978304133,90109984.0,0.0
2007-02-10,132247.24291364534,1404.0,401238135.0,4154067.054182483,161375491.0,0.0
2007-02-17,36762.48519652884,1238.0,144035417.0,976521.5383289292,57884986.0,0.0
2007-02-24,22531.352730985196,1279.0,44138920.0,272160.0365480113,9438149.0,0.0
2007-03-03,78581.92490735323,1285.0,402889529.0,2087700.5132290262,89775000.0,0.0
2007-03-10,84671.16972193615,1115.0,411078529.0,2513127.811931448,133980000.0,0.0
2007-03-17,50436.46808908853,1186.0,269482049.0,2404785.527379523,175108546.0,0.0
2007-03-24,16772.168672468062,1150.0,90586483.0,633037.707804678,46020000.0,0.0
2007-03-31,32080.038259292836,1071.0,176921411.0,955968.1068978633,48377520.0,0.0
2007-04-07,21808.579057046107,1120.0,83723135.0,549487.9587943063,23937528.0,0.0
2007-04-14,27831.094202898552,1080.0,149786949.0,1390437.0301425878,101803718.0,0.0
2007-04-21,21655.844051446944,1190.5,121229415.0,588554.3172463623,31036500.0,0.0
2007-04-28,42703.148729042725,1144.0,236874366.0,1679633.9036835872,118020000.0,0.0
2007-05-05,7125.053927315357,1105.0,30388355.0,84648.54988730098,4166818.0,0.0
2007-05-12,21637.97090085381,1077.0,124180315.0,776228.1002436554,55920000.0,0.0
2007-05-19,11190.690472132264,1035.0,65655781.0,151876.09504004876,6000000.0,0.0
2007-05-26,12734.836637168142,1052.5,71951827.0,275017.6294589794,15936570.0,0.0
2007-06-02,19985.728612508985,1029.5,111200594.0,835320.088020682,61294520.0,0.0
2007-06-09,7556.846965699208,1100.0,28640450.0,73914.95771462597,3071437.0,0.0
2007-06-16,36673.41513578275,1077.0,183660463.0,1589594.3377317872,110079975.0,0.0
2007-06-23,37379.73483535529,1004.0,194112963.0,886920.6249817812,43992900.0,0.0
2007-06-30,44577.928992956404,1146.0,234167861.0,2034621.2846169246,140061921.0,0.0
2007-07-07,7942.4522,1100.0,39712261.0,98034.22459737066,5119268.0,0.0
2007-07-14,17208.0066959615,1080.0,82237064.0,411489.1882274312,26749993.0,0.0
2007-07-21,17386.59199199199,1049.0,86846027.0,590034.2751703555,38969000.0,0.0
2007-07-28,20007.99239061509,1085.0,94657812.0,697676.7320059421,47280000.0,0.0
2007-08-04,40372.18250471995,1100.0,192454194.0,599929.9462589888,27956798.0,0.0
2007-08-11,7408.612612612613,1168.5,34538952.0,59026.68356090799,1813000.0,0.0
2007-08-18,12347.791979949874,1042.0,64047997.0,523200.24938196095,37607143.0,0.0
2007-08-25,10568.054839369757,1035.0,51646084.0,145145.81016564395,6480000.0,0.0
2007-09-01,10012.86589030804,1059.0,53308498.0,182189.1930988452,11875200.0,0.0
2007-09-08,41872.111188004616,1050.0,181515602.0,785275.0239539471,28483586.0,0.0
2007-09-15,17574.534232183505,1054.0,100368165.0,489851.90869388974,31083573.0,0.0
2007-09-22,42417.499392677426,1000.0,244452049.0,1604107.1514172996,97527974.0,0.0
2007-09-29,82616.84715472645,1000.0,527012868.0,2620951.345450808,161470113.0,0.0
2007-10-06,12408.867492260062,1075.5,80161284.0,354909.71464723157,27624343.0,0.0
2007-10-13,11032.88495904691,1100.0,59268658.0,204610.6261272307,12000000.0,0.0
2007-10-20,19567.27061343124,1200.0,127911248.0,470909.17378309055,29400000.0,0.0
2007-10-27,13281.98468008411,1120.0,88431454.0,330388.8963691324,18769080.0,0.0
2007-11-03,12083.26706544687,1240.0,68681290.0,283084.07633649063,18650320.0,0.0
2007-11-10,13754.650292731687,1200.0,96323816.0,283030.51209610613,20109600.0,0.0
2007-11-17,18098.26214668391,1298.0,97965893.0,601177.1734238432,42300000.0,0.0
2007-11-24,13082.7542683698,1340.0,103445338.0,192343.68672686597,10223728.0,0.0
2007-12-01,26327.570321255138,1425.0,281915623.0,1173428.6235633672,110564140.0,0.0
2007-12-08,68162.25712992305,1800.0,752852130.0,1464217.7552024885,84066461.0,0.0
2007-12-15,72756.56922414411,2000.0,1013717279.0,1530727.5320927387,110872500.0,0.0
2007-12-22,77835.67520946279,2417.0,473785755.0,1413880.5332033797,101273577.0,0.0
2007-12-29,662523.8521421108,3000.0,1268070653.0,14498364.542388182,589660719.0,0.0
2008-01-05,128468.64004629629,4794.0,110996905.0,1160274.5254656088,30000000.0,0.0
2008-01-12,143796.4391025641,2599.0,224322445.0,2308023.472393861,86640000.0,0.0
2008-01-19,60192.662149954835,2081.0,133266554.0,751725.1902850127,30873463.0,0.0
2008-01-26,73424.05024424284,1413.5,210433328.0,1651634.827509706,80000000.0,0.0
2008-02-02,30890.95672727273,1500.0,84950131.0,354307.9416383324,16650000.0,0.0
2008-02-09,30564.409597257927,1541.0,35668666.0,313050.63663205167,9220000.0,0.0
2008-02-16,19713.319059884096,1312.5,61229569.0,183860.49314997805,5486000.0,0.0
2008-02-23,36186.5253386854,1300.0,144239490.0,996399.8884829367,61119958.0,0.0
2008-03-01,37994.146033350175,1262.0,150380830.0,1168583.7678096602,71940000.0,0.0
2008-03-08,263415.18601895735,1300.0,1111612085.0,11130929.768604595,511187400.0,0.0
2008-03-15,11868.14241001565,1326.0,53086201.0,205780.56892018658,9900000.0,0.0
2008-03-22,87770.70609318996,1111.0,293856324.0,3170361.3396566794,135000000.0,0.0
2008-03-29,18180.87037037037,1159.0,93267865.0,584644.6784396749,40998960.0,0.0
2008-04-05,9517.777335984096,1160.0,47874420.0,105265.78404361138,4768875.0,0.0
2008-04-12,21128.641069723017,1125.0,110608436.0,465922.8647558668,30000000.0,0.0
2008-04-19,20675.4391184573,1050.0,112577766.0,580822.9702755081,40000000.0,0.0
2008-04-26,63080.147690787846,1119.0,255411518.0,2018094.908802942,117200576.0,0.0
2008-05-03,26216.964404366398,1098.5,110478288.0,1336155.374163847,86606178.0,0.0
2008-05-10,12983.742264416314,1082.5,73851526.0,207599.6496783895,9600000.0,0.0
2008-05-17,18353.32665874767,1065.0,108156154.0,808223.1590299006,61534110.0,0.0
2008-05-24,12387.250163291967,1119.0,56894640.0,190133.49929954298,9225949.0,0.0
2008-05-31,17979.45042394878,1200.0,103903244.0,624668.4736719782,46593600.0,0.0
2008-06-07,29895.556526121283,1140.0,177968248.0,1187068.5128460652,88099054.0,0.0
2008-06-14,12636.37780504909,1150.0,72077899.0,331004.5274483474,21811079.0,0.0
2008-06-21,10183.662324649298,1120.0,60979770.0,146956.78935076724,6266688.0,0.0
2008-06-28,18635.65646897966,1161.0,109037226.0,386709.0773058467,17500000.0,0.0
2008-07-05,25904.494817726947,1127.5,144961553.0,701641.5463840385,39463000.0,0.0
2008-07-12,15296.52482638889,1107.0,88107983.0,546688.0865895981,41040000.0,0.0
2008-07-19,16657.350933908045,1190.0,92748130.0,287283.1914579818,15000000.0,0.0
2008-07-26,12396.78538985617,1197.5,65504614.0,250751.1960827447,15208825.0,0.0
2008-08-02,11358.64405502167,1097.0,60280324.0,248463.4863380206,12977250.0,0.0
2008-08-09,13557.006449165403,1134.5,71472538.0,262173.25566802366,17194428.0,0.0
2008-08-16,12972.156316916487,1200.0,72695964.0,198072.19332754693,11994845.0,0.0
2008-08-23,122027.53734729494,1105.0,699217789.0,2667776.5602582665,113187484.0,0.0
2008-08-30,26390.200560778492,1157.0,160003786.0,1046922.7276376388,79956480.0,0.0
2008-09-06,156142.82838224768,1128.0,872526125.0,11112320.313294316,830748736.0,0.0
2008-09-13,11169.96956829441,1108.0,63132668.0,165222.36968440656,8784720.0,0.0
2008-09-20,26844.62911349899,1195.0,159886611.0,867722.569960677,60843068.0,0.0
2008-09-27,36352.733732472036,1119.0,230730801.0,893551.1286188924,45618338.0,0.0
2008-10-04,57986.151319148936,1284.0,340668639.0,2440879.53015677,179636982.0,0.0
2008-10-11,63886.55055055055,1290.0,382935984.0,2030823.2216098192,103359800.0,0.0
2008-10-18,14810.533574125759,1225.0,90210960.0,206405.37269472514,12489277.0,0.0
2008-10-25,14555.3102154047,1264.0,89194941.0,241749.9648949585,13106229.0,0.0
2008-11-01,26584.003073245687,1287.0,155702506.0,603078.1058251847,25625000.0,0.0
2008-11-08,26872.72437223043,1293.5,181928344.0,793528.8936682914,59650173.0,0.0
2008-11-15,15532.7907199562,1257.5,113482569.0,257403.50333963614,12000000.0,0.0
2008-11-22,70980.46564665127,1377.0,491752666.0,4645546.297195749,385854007.0,0.0
2008-11-29,21384.156724880926,1436.0,188565494.0,648606.5784403414,58815000.0,0.0
2008-12-06,66583.25405742822,1588.0,533331865.0,4316355.853209353,385854007.0,0.0
2008-12-13,49422.804080154514,1617.0,409418509.0,1413456.2594550266,85987359.0,0.0
2008-12-20,187722.49017590782,2020.0,1824850327.0,6841123.396055047,473821069.0,0.0
2008-12-27,145591.5402866242,2700.0,914314873.0,4962933.035915065,385854007.0,0.0
2009-01-03,319622.10897297296,2900.0,1478252254.0,11332669.402749022,745670597.0,0.0
2009-01-10,103372.9211502783,4736.5,111436009.0,567427.6585751919,12000000.0,0.0
2009-01-17,43077.403522818255,1500.0,107607354.0,462569.2422609929,20500000.0,0.0
2009-01-24,37437.86636466591,1700.0,99172908.0,313343.00395264407,9485260.0,0.0
2009-01-31,42792.99563591022,1700.0,137279930.0,656421.442120206,35000000.0,0.0
2009-02-07,83484.50990752972,1790.0,252791096.0,2428201.765269052,129983479.0,0.0
2009-02-14,42516.433931484506,1600.0,156375444.0,681729.7772738033,30863251.0,0.0
2009-02-21,25464.659090909092,1275.0,103080940.0,380006.8781932755,17318000.0,0.0
2009-02-28,24760.784140969165,1365.5,44965584.0,219621.00341955654,7094606.0,0.0
2009-03-07,82660.2167266187,1500.0,367672644.0,3147214.6900286437,180375000.0,0.0
2009-03-14,15724.032661842362,1350.0,80396979.0,196755.15135001118,9312470.0,0.0
2009-03-21,37645.58594657375,1400.0,194477097.0,1417243.0491555627,100000000.0,0.0
2009-03-28,16749.0076425632,1257.0,85470186.0,257612.2773322905,10047340.0,0.0
2009-04-04,18403.696086424785,1261.5,90288533.0,344946.8532095877,19074345.0,0.0
2009-04-11,2340058.2084081005,1245.0,9128567071.0,83941421.85300003,3028104951.0,0.0
2009-04-18,7873.27519858782,1300.0,44602104.0,60458.968785246885,2510216.0,0.0
2009-04-25,152788.4720416125,1250.0,587471675.0,6383452.9072734555,357694400.0,0.0
2009-05-02,11790.143800596506,1260.0,55342935.0,142910.85284281507,6851272.0,0.0
2009-05-09,23170.82894736842,1264.0,126790776.0,965348.1812442973,71151146.0,0.0
2009-05-16,31581.341268547203,1204.0,193688366.0,1447870.954371712,112077867.0,0.0
2009-05-23,12987.020904229461,1200.0,80142906.0,214637.82738043208,12000000.0,0.0
2009-05-30,9082.01062832135,1200.0,58106704.0,103610.30534825854,4258645.0,0.0
2009-06-06,13184.107984404136,1250.0,77773053.0,421698.8308885007,31585669.0,0.0
2009-06-13,12764.27615780446,1136.0,52091011.0,187734.87154658308,7399922.0,0.0
2009-06-20,30634.814325796335,1218.0,185616340.0,1164301.6594944054,82978373.0,0.0
2009-06-27,34218.986222146625,1156.0,201173420.0,1087733.9392486983,75535169.0,0.0
2009-07-04,28055.4457132818,1300.0,159691597.0,462663.1982376597,22814806.0,0.0
2009-07-11,20610.72169975618,1264.0,118346764.0,649539.3490681596,48399810.0,0.0
2009-07-18,13381.564838829196,1231.5,72233687.0,215993.06347729103,13298077.0,0.0
2009-07-25,20325.767318276714,1200.0,107096468.0,436222.6915903226,16361168.0,0.0
2009-08-01,29590.674220963174,1260.0,156682620.0,631616.8094244587,31502138.0,0.0
2009-08-08,14015.423240525908,1170.0,72487769.0,289358.4266011115,17330208.0,0.0
2009-08-15,20551.045519203413,1193.0,115579080.0,374680.3226533035,25000000.0,0.0
2009-08-22,28540.90035288187,1169.0,169846898.0,985470.6874594134,55731000.0,0.0
2009-08-29,19336.63806877388,1247.0,111340362.0,422119.6762238462,26720000.0,0.0
2009-09-05,12377.046969159872,1292.5,69831299.0,217577.7814017637,13227352.0,0.0
2009-09-12,20818.99978696208,1299.5,97724385.0,362376.077597706,19050000.0,0.0
2009-09-19,65804.20078308535,1200.0,420159822.0,2027081.2033872178,109044803.0,0.0
2009-09-26,30435.232635060638,1171.0,193233292.0,545417.3412115793,25319408.0,0.0
2009-10-03,43151.68976789801,1230.0,264002038.0,1380966.6359770265,92956384.0,0.0
2009-10-10,14919.23180731124,1230.0,87337183.0,325956.8109929037,22321642.0,0.0
2009-10-17,20649.45193081255,1295.0,102669075.0,542863.9399456239,31916300.0,0.0
2009-10-24,62052.15988497484,1324.0,431572772.0,2380337.3030197388,167794000.0,0.0
2009-10-31,21591.919900497513,1466.5,130199277.0,343174.92940486036,15000000.0,0.0
2009-11-07,15662.246453900709,1441.0,88335070.0,192880.73597538623,11400000.0,0.0
2009-11-14,60604.22331851028,1477.0,436107991.0,3027302.3695943407,239083318.0,0.0
2009-11-21,22793.18383023044,1520.0,175074445.0,533810.7209236859,42330000.0,0.0
2009-11-28,58497.981883247594,1650.0,523088954.0,2067480.8261994878,114303655.0,0.0
2009-12-05,68333.72574358975,1939.5,666253826.0,2943885.339082414,280027342.0,0.0
2009-12-12,55225.284675722214,2155.0,577325126.0,1479177.9619221962,120750000.0,0.0
2009-12-19,618905.9663891458,2502.0,6021336147.0,55188742.086395144,5443227413.0,0.0
2009-12-26,992314.712926249,3500.0,1251308853.0,17437981.75705554,465532000.0,0.0
2010-01-02,298313.61523718253,2900.0,622580515.0,4232426.872587042,139783944.0,0.0
2010-01-09,73765.03,4200.0,103271042.0,439169.3768994574,8000000.0,0.0
2010-01-16,48030.63505617977,2000.0,106868163.0,463021.61849003605,12743018.0,0.0
2010-01-23,100924.7195622435,1743.5,295103880.0,2035944.5720634928,101796742.0,0.0
2010-01-30,72828.22965583789,1960.0,226422966.0,925001.9199379091,35180000.0,0.0
2010-02-06,579387.0682226212,1750.0,1613592985.0,28419540.21536669,1500000000.0,0.0
2010-02-13,41340.378830083566,1711.0,133570764.0,524166.02654677356,25801357.0,0.0
2010-02-20,30353.34371108344,1342.0,48747470.0,352219.6269665328,11070567.0,0.0
2010-02-27,33384.45558134627,1632.0,158208935.0,663503.9372513936,40019720.0,0.0
2010-03-06,32864.91879131256,1630.5,139215796.0,432349.21224546083,17036987.0,0.0
2010-03-13,52808.83650428601,1529.0,252584665.0,1778775.1480118425,100000000.0,0.0
2010-03-20,26512.465136054423,1400.0,124714636.0,437527.8020897255,15000000.0,0.0
2010-03-27,72407.82033096926,1400.0,336913588.0,2246402.4974350613,144881640.0,0.0
2010-04-03,146568.10810092962,1336.0,551828927.0,7465146.379882528,457000000.0,0.0
2010-04-10,93960.339337336,1297.0,422539646.0,3765777.4991040067,239524600.0,0.0
2010-04-17,35727.978281577445,1399.0,187536158.0,848222.4303069108,40000000.0,0.0
2010-04-24,73608.33392994119,1272.0,287882194.0,2007452.704252404,109980782.0,0.0
2010-05-01,22760.21074529667,1365.5,125818445.0,616778.907582817,43864527.0,0.0
2010-05-08,22398.826494940204,1474.0,121737622.0,555534.1763860774,32400000.0,0.0
2010-05-15,140835.98390235275,1519.0,796145817.0,5451768.738359245,361416000.0,0.0
2010-05-22,57589.08549694063,1274.0,348241200.0,1889930.1965758242,107971406.0,0.0
2010-05-29,48400.00034584126,1308.0,279897202.0,1922821.3877998746,106702611.0,0.0
2010-06-05,19597.767126546147,1389.5,82389013.0,373673.094328773,22050000.0,0.0
2010-06-12,30222.490724019044,1300.0,184085191.0,937785.6203940912,67039545.0,0.0
2010-06-19,15325.450540712469,1356.0,96366433.0,311651.6382124522,22289882.0,0.0
2010-06-26,41200.40823838738,1210.0,235048329.0,694729.5771811974,24074028.0,0.0
2010-07-03,53478.95991742646,1210.0,310873194.0,1499864.058042247,85410000.0,0.0
2010-07-10,25445.691000629326,1422.0,121299609.0,414072.10040737176,19998615.0,0.0
2010-07-17,66931.45047658516,1399.5,323011180.0,2676135.79474099,178992000.0,0.0
2010-07-24,25237.03587270974,1350.0,130854031.0,440545.0187975724,21920360.0,0.0
2010-07-31,39696.055007052186,1500.0,197011521.0,1294865.567850906,84309000.0,0.0
2010-08-07,191611.49807125027,1490.0,844431872.0,10907948.07168682,721860000.0,0.0
2010-08-14,47045.273920064596,1257.0,233062287.0,1724452.9629933815,115000000.0,0.0
2010-08-21,34992.60080867488,1351.0,190394741.0,1753002.9007474354,128542405.0,0.0
2010-08-28,28434.32976445396,1300.0,146067152.0,1126348.910713963,79453628.0,0.0
2010-09-04,12718.278247501921,1400.0,66185920.0,174036.95747295776,8230000.0,0.0
2010-09-11,10119.43646563815,1500.0,36075791.0,87310.10845821882,3806179.0,0.0
2010-09-18,148499.237357716,1334.0,795807413.0,3989234.135015758,161366198.0,0.0
2010-09-25,79114.25141242938,1390.0,420096675.0,2540268.3316398053,163134457.0,0.0
2010-10-02,20100.278105451296,1358.0,112461056.0,235137.33942127303,9578556.0,0.0
2010-10-09,19747.078588762368,1400.0,105785100.0,240881.2951919495,7260000.0,0.0
2010-10-16,33212.28692429857,1432.0,125476020.0,326804.6518398952,9695000.0,0.0
2010-10-23,15344.953427065026,1377.0,87312785.0,286450.40131480363,18125000.0,0.0
2010-10-30,43977.63504430187,1444.0,287877599.0,1918466.2548478958,152396273.0,0.0
2010-11-06,36005.823765650835,1894.0,152412652.0,1300854.9337375632,83641489.0,0.0
2010-11-13,24593.619994551893,1700.0,180566358.0,632947.1938038152,48695248.0,0.0
2010-11-20,25645.92786723628,1696.5,156081117.0,475465.10351447435,21490714.0,0.0
2010-11-27,26550.51337359793,1700.0,215404315.0,521483.6807268646,36560000.0,0.0
2010-12-04,53607.46602881101,1928.0,498656649.0,1346020.597474803,90000000.0,0.0
2010-12-11,83185.64943546602,2491.0,751499157.0,2807769.751255109,261763200.0,0.0
2010-12-18,251834.6938077318,2435.0,2208338430.0,7561993.424962438,570096528.0,0.0
2010-12-25,373799.8768956289,4500.0,419029662.0,3843472.653407026,93718075.0,0.0
2011-01-01,634704.251662404,3321.0,1240846812.0,11561513.34900218,465168096.0,0.0
2011-01-08,142063.76746166951,5000.0,166782863.0,1697909.7162246585,55259387.0,0.0
2011-01-15,41152.786559394226,2200.0,86955838.0,288901.21701588295,8812126.0,0.0
2011-01-22,88867.9898691431,2000.0,210528268.0,1300724.8908870183,45137962.0,0.0
2011-01-29,242901.23594224924,1714.5,639316053.0,8006197.218350215,405710000.0,0.0
2011-02-05,121420.60896986685,1600.0,346534418.0,2252185.732507488,83392975.0,0.0
2011-02-12,30012.478598014888,1490.0,96760231.0,409668.23993804207,19546920.0,0.0
2011-02-19,249081.90863579474,1750.0,597049335.0,5994542.707622689,253259423.0,0.0
2011-02-26,144284.84673748104,1250.0,475418570.0,3640021.88500288,121533640.0,0.0
2011-03-05,87567.87304860089,1500.0,297292929.0,3297860.4075589357,191269764.0,0.0
2011-03-12,27244.777705345503,1300.0,41793489.0,232782.583966293,5180000.0,0.0
2011-03-19,53886.570397111915,1519.5,208972120.0,1176196.8209344018,62212962.0,0.0
2011-03-26,56088.613703339885,1453.0,228392835.0,1905762.151157887,119466000.0,0.0
2011-04-02,54410.60241837968,1439.0,224987841.0,1212602.3742002102,45820646.0,0.0
2011-04-09,16896.432010699955,1366.0,75797394.0,277927.27603819635,13230000.0,0.0
2011-04-16,40981.48282783229,1300.0,183760969.0,1533246.4679597444,101022354.0,0.0
2011-04-23,24944.725080964377,1300.0,69321391.0,246797.41743759275,7652292.0,0.0
2011-04-30,343246.4640016743,1302.0,1640031605.0,14300118.610393036,949545026.0,0.0
2011-05-07,56985.906986899565,1359.5,260995454.0,1947632.5809745034,126022133.0,0.0
2011-05-14,14908.352329611089,1379.5,77433982.0,315143.6057647956,20425048.0,0.0
2011-05-21,20960.17438016529,1375.0,101447244.0,351122.8569341238,17211429.0,0.0
2011-05-28,40564.1455202587,1201.0,213245713.0,972534.3566075141,52170409.0,0.0
2011-06-04,49289.09138218151,1300.0,236784795.0,1512234.6115175523,100344471.0,0.0
2011-06-11,21680.42524980784,1142.5,112824933.0,703254.3238728292,49395129.0,0.0
2011-06-18,39374.160233918126,1265.5,201989442.0,1112486.015292692,49204800.0,0.0
2011-06-25,84516.96796407185,1350.0,282286673.0,1769948.0540311655,90701480.0,0.0
2011-07-02,340713.8298090741,1450.0,1659617065.0,8502677.071135785,368716090.0,0.0
2011-07-09,67421.95395781356,1300.0,297263395.0,2655881.96395733,169629185.0,0.0
2011-07-16,19097.715087281795,1250.0,91898205.0,350202.61255163903,18600000.0,0.0
2011-07-23,34126.746278604754,1354.0,153604485.0,1158458.8604706686,75062052.0,0.0
2011-07-30,17589.08362730857,1374.0,84761794.0,359845.2162757871,17200000.0,0.0
2011-08-06,125321.3619560131,1375.5,535623501.0,5698717.344565358,364997809.0,0.0
2011-08-13,97252.36189451022,1350.0,451737221.0,5469003.679348575,372479758.0,0.0
2011-08-20,20206.712162572036,1310.0,66621530.0,304241.0503161339,11440429.0,0.0
2011-08-27,302728.2964966512,1511.0,1175191247.0,6654240.555226411,221065248.0,0.0
2011-09-03,58080.593685300206,1562.5,224423414.0,1595127.8932955337,92000000.0,0.0
2011-09-10,34312.75778008299,1345.5,132309994.0,753728.8024652967,40005781.0,0.0
2011-09-17,16769.183698800167,1389.0,81062234.0,232198.969611067,8435000.0,0.0
2011-09-24,51284.9312388856,1560.0,259553037.0,2278164.043779619,159833702.0,0.0
2011-10-01,52901.99807618315,1500.0,274984586.0,1449776.3665000994,84497812.0,0.0
2011-10-08,25658.769643922817,1605.0,128986635.0,380983.3904289168,21300000.0,0.0
2011-10-15,31533.142296796686,1520.0,144705590.0,562310.9212261867,22655469.0,0.0
2011-10-22,19051.97063369397,1790.0,110939625.0,231071.50019110183,8600000.0,0.0
2011-10-29,57451.60410038883,1641.0,325061176.0,2451809.2672487744,181447847.0,0.0
2011-11-05,31296.687946241076,2017.5,149034828.0,674814.0080274685,32230899.0,0.0
2011-11-12,28715.906622611692,1756.0,199891426.0,473159.2880878868,28920000.0,0.0
2011-11-19,24608.30349771888,2000.0,113272021.0,381141.85807904886,23563796.0,0.0
2011-11-26,42959.32299377277,2300.0,365626798.0,850820.2767782107,56424859.0,0.0
2011-12-03,82173.38229166667,2800.0,867750917.0,2351355.595717589,150974124.0,0.0
2011-12-10,154735.63765373698,2265.0,817777845.0,4798008.80922834,249395219.0,0.0
2011-12-17,219765.53427085796,2900.0,1859655951.0,6229102.55338261,523365900.0,0.0
2011-12-24,698929.4645110411,3591.5,886242561.0,10705467.698248329,309266496.0,0.0
2011-12-31,730639.2495765104,5370.0,1293962111.0,4519364.409687156,82770000.0,0.0
2012-01-07,146652.58756567424,6518.0,167477255.0,952037.618336484,15994618.0,0.0
2012-01-14,68055.69965870307,2877.5,119641920.0,504791.3359330705,14391580.0,0.0
2012-01-21,230605.5067669173,2400.0,460057986.0,4340037.874337087,150497938.0,0.0
2012-01-28,83947.89342881214,1924.0,199292299.0,1283328.8862679459,50000000.0,0.0
2012-02-04,332932.3337218337,1847.5,856967827.0,11128324.72909484,540600000.0,0.0
2012-02-11,106087.4449691246,1665.0,292058736.0,1658667.9220134215,60147727.0,0.0
2012-02-18,109880.29905956113,1679.0,350518154.0,1408383.467992452,48180000.0,0.0
2012-02-25,44057.23983459683,1800.0,63927055.0,453044.54671514645,10000000.0,0.0
2012-03-03,56123.71493349456,2000.0,185657249.0,575973.0939790802,17942310.0,0.0
2012-03-10,74084.11808009422,1800.0,251589665.0,2009071.721570884,84071014.0,0.0
2012-03-17,45755.515718368406,1694.0,176112980.0,1225765.1689069187,73527600.0,0.0
2012-03-24,86056.90122530633,1650.0,344141548.0,2094438.8825505523,76613399.0,0.0
2012-03-31,27437.59169550173,1769.5,111012496.0,398413.6100662732,17971083.0,0.0
2012-04-07,34361.82144088246,1500.0,99683644.0,627062.1762833061,23125000.0,0.0
2012-04-14,211950.08456505937,1640.0,874717999.0,10315268.619461883,656891708.0,0.0
2012-04-21,43072.56540084388,1540.0,183747564.0,1130468.1515227119,68885474.0,0.0
2012-04-28,23318.57278106509,1500.0,98520970.0,528534.312434423,31790000.0,0.0
2012-05-05,87145.20364842455,1560.0,262742789.0,3665359.395928494,199685628.0,0.0
2012-05-12,40855.65102702703,1530.0,188957386.0,1207706.450704874,79812000.0,0.0
2012-05-19,29511.513054553172,1565.0,139028738.0,607208.1105186511,36558625.0,0.0
2012-05-26,33837.5132414095,1600.0,154603598.0,1049561.5784650806,64462929.0,0.0
2012-06-02,43181.2662601626,1548.0,212451830.0,922288.1197732717,45195973.0,0.0
2012-06-09,57183.01409352979,1700.0,178525370.0,1563228.8766090516,83162996.0,0.0
2012-06-16,68039.13113207548,1750.0,288485916.0,3093057.837773689,200000000.0,0.0
2012-06-23,58741.26967648479,1600.0,243306339.0,1405588.5517781007,61800000.0,0.0
2012-06-30,106009.7246344207,1739.0,471213226.0,2869749.923169869,163778720.0,0.0
2012-07-07,51151.200793650794,1620.0,193351539.0,1173935.9089195533,64407151.0,0.0
2012-07-14,63439.147191908436,1780.0,238340876.0,964608.0660288633,38839825.0,0.0
2012-07-21,40653.85843714609,1725.0,143589428.0,511377.3020969133,21642842.0,0.0
2012-07-28,44422.166796570535,1692.0,170980920.0,1568916.1214459087,96356000.0,0.0
2012-08-04,93212.56899185336,1785.5,366138971.0,3889031.9299742477,240609748.0,0.0
2012-08-11,52465.54929208181,1622.0,200103605.0,969362.4118839699,40000000.0,0.0
2012-08-18,20658.67671232877,1555.5,75404170.0,397172.90529558674,20377289.0,0.0
2012-08-25,565846.1680198467,1700.0,2508961909.0,23154011.943431128,1510648028.0,0.0
2012-09-01,27290.919253438115,1550.0,138910779.0,459056.4392324649,20400000.0,0.0
2012-09-08,53074.417351598175,1600.0,174349461.0,852950.7252742177,32053803.0,0.0
2012-09-15,37324.6706013363,1780.0,167587771.0,663755.6714059191,26350000.0,0.0
2012-09-22,48256.964618249534,1716.0,233225910.0,1043052.0475619901,49418088.0,0.0
2012-09-29,25603.9,1660.0,138517099.0,346139.5541870244,14471644.0,0.0
2012-10-06,110280.50138092203,1735.0,519090320.0,5615804.355674927,384724032.0,0.0
2012-10-13,44752.857071339175,1816.0,178787664.0,461278.67932159046,13263049.0,0.0
2012-10-20,30630.564053537284,2200.0,176217635.0,483065.7577063892,30000000.0,0.0
2012-10-27,49219.26033885954,2390.0,270164520.0,933287.6839534078,40000000.0,0.0
2012-11-03,360992.08887667215,2200.0,1969933829.0,16088432.18512082,839664954.0,0.0
2012-11-10,75030.5502183406,2400.0,515459880.0,2079162.5091639033,155981700.0,0.0
2012-11-17,150935.65653589703,2886.0,973384049.0,7152806.227954397,570597084.0,0.0
2012-11-24,68450.33706091304,2568.0,520291012.0,1482116.6911363343,119151317.0,0.0
2012-12-01,310003.09599186754,2388.0,2134681319.0,6420153.96899996,327741014.0,0.0
2012-12-08,397024.5347230943,2728.0,3161506370.0,18236902.127503052,1591803686.0,0.0
2012-12-15,230275.39909090908,3167.0,253302939.0,1632004.3632950422,38945016.0,0.0
2012-12-22,779270.3525498891,3342.0,1405803716.0,21563715.19709007,901800000.0,0.0
2012-12-29,1391833.127232143,4190.0,1870623723.0,32050854.391757295,1152684678.0,0.0
2013-01-05,137113.4662309368,7800.0,62935081.0,888306.9439713858,14799166.0,0.0
2013-01-12,66025.72218607677,3441.0,101481535.0,461511.7300377575,11550039.0,0.0
2013-01-19,184309.5376,2880.0,345580383.0,3959265.2070452534,167987602.0,0.0
2013-01-26,276204.316007088,2941.0,467613907.0,3072888.634460348,88415336.0,0.0
2013-02-02,121661.80574028702,2000.0,347587779.0,3257154.535133241,171255246.0,0.0
2013-02-09,161544.1817068191,2261.0,395621701.0,3735332.2703762613,141130000.0,0.0
2013-02-16,184564.9863891113,1949.0,230521668.0,2377220.979931951,58829902.0,0.0
2013-02-23,121098.9544339292,2000.0,345495317.0,2998205.7093049805,141237180.0,0.0
2013-03-02,130520.80672532998,1940.0,415317207.0,3392069.7936512013,183028251.0,0.0
2013-03-09,169259.08636897767,1820.0,576157930.0,3187665.396448474,92642523.0,0.0
2013-03-16,56623.75868005739,1904.0,197333799.0,1200417.4625949573,60726793.0,0.0
2013-03-23,67697.6010743568,1645.0,239446415.0,1281017.1910069645,49877856.0,0.0
2013-03-30,104169.81815032905,1785.0,300738265.0,1698018.9966545783,57935686.0,0.0
2013-04-06,96240.50491803279,1850.0,352240248.0,4191243.895400113,252570464.0,0.0
2013-04-13,40751.41970021413,1777.0,171278217.0,1156813.1290393525,73369234.0,0.0
2013-04-20,50457.12452746275,1695.0,226905689.0,1249302.5363793902,62988092.0,0.0
2013-04-27,107489.37563451777,1673.5,465858954.0,4560838.223969849,297465153.0,0.0
2013-05-04,45441.82962962963,1744.0,171770116.0,1071154.4591754584,53997066.0,0.0
2013-05-11,103843.37699151666,1750.0,501875041.0,3958926.8956985194,257250000.0,0.0
2013-05-18,51462.590984284536,1899.0,248873090.0,1254612.1321103752,69915000.0,0.0
2013-05-25,314362.82833957556,1799.5,1510827753.0,14047075.816485621,697000000.0,0.0
2013-06-01,156979.67601890137,1900.0,531533183.0,2258037.485310118,80000000.0,0.0
2013-06-08,28856.408570216376,1742.0,136029110.0,325171.7060790003,11900000.0,0.0
2013-06-15,53736.65443760984,1875.5,244609251.0,1506958.5428197926,82373908.0,0.0
2013-06-22,116242.54306220096,1700.0,485893830.0,2590507.226688976,108990690.0,0.0
2013-06-29,110505.49276633056,1717.5,504126058.0,3284916.877959439,204507880.0,0.0
2013-07-06,24158.458371665132,1750.0,105040977.0,313314.1784589268,15932240.0,0.0
2013-07-13,51753.63711702662,1700.0,206082983.0,1037685.4418480692,42610140.0,0.0
2013-07-20,37232.227027027024,1735.0,158423126.0,527408.8310300482,21068940.0,0.0
2013-07-27,22448.854299566217,1849.0,87977060.0,270197.0715425935,9622000.0,0.0
2013-08-03,54076.33995473976,1890.0,215061604.0,1057789.1983373316,58884061.0,0.0
2013-08-10,62143.958833151584,1950.0,227944041.0,1066134.6301257948,47152062.0,0.0
2013-08-17,38521.09370661731,1753.5,166488167.0,581471.9720881049,31680000.0,0.0
2013-08-24,39760.35822306238,1832.5,168265836.0,527490.6957061448,23450000.0,0.0
2013-08-31,41897.74525682555,1718.5,181082055.0,652381.3627283685,27566946.0,0.0
2013-09-07,40187.220641427535,1731.0,166656404.0,668250.4527295459,36197661.0,0.0
2013-09-14,48618.15879727508,1778.0,206967502.0,733343.9712389213,25000061.0,0.0
2013-09-21,89820.87673488591,1738.0,381828547.0,2369713.578826142,107134650.0,0.0
2013-09-28,169160.49885268472,1851.5,737201454.0,3812023.3223047187,211607433.0,0.0
2013-10-05,189640.3369108726,2000.0,812798484.0,4711389.746292092,188839312.0,0.0
2013-10-12,103230.43389980137,2000.0,467737096.0,3142974.3820695165,179825557.0,0.0
2013-10-19,103540.6832588811,2125.0,486744752.0,3284348.043031153,216499670.0,0.0
2013-10-26,114937.44121582872,2941.0,601237755.0,4671296.58736539,305842018.0,0.0
2013-11-02,75331.08160140013,2187.0,344338374.0,1701892.7747147786,85470497.0,0.0
2013-11-09,66455.41345577959,2590.0,332875166.0,864394.2111341844,28467796.0,0.0
2013-11-16,99030.85207456404,3150.0,494064921.0,1832875.547257472,88044000.0,0.0
2013-11-23,69857.81117061974,2557.0,456520796.0,1138864.2503463242,74000000.0,0.0
2013-11-30,96457.09887583036,2899.0,377533085.0,1051434.0404116416,46060579.0,0.0
2013-12-07,149161.79323630137,2299.5,696883898.0,2537543.4773787493,111000000.0,0.0
2013-12-14,294199.8987179487,3500.0,1606331447.0,3531210.622648251,162395733.0,0.0
2013-12-21,491028.5929003021,4010.0,650121857.0,4950630.573238651,110000000.0,0.0
2013-12-28,1674319.3584474886,5046.5,1466703758.0,24757082.586360276,597978400.0,0.0
2014-01-04,172991.2220670391,6909.0,123861715.0,760269.414282077,9774078.0,0.0
2014-01-11,165065.4052478134,5040.0,169852302.0,1268598.2654231228,32657791.0,0.0
2014-01-18,234389.83625377645,3079.0,387915179.0,5021449.399270847,175647354.0,0.0
2014-01-25,134691.56875973014,2500.0,259550653.0,1677931.1755481528,49500000.0,0.0
2014-02-01,232457.40822644846,2598.0,525586200.0,3877365.25505933,152743885.0,0.0
2014-02-08,431450.5791151853,2500.0,1082509503.0,18376158.3640184,920354471.0,0.0
2014-02-15,64253.211018711016,2367.5,185434767.0,1130520.3316037324,55711308.0,0.0
2014-02-22,54946.95839753467,2133.0,178302880.0,990621.0580019084,47866840.0,0.0
2014-03-01,173573.22419928826,2137.5,585288912.0,6852735.338303403,394683924.0,0.0
2014-03-08,66948.75708215298,2107.5,94531645.0,495769.6302016551,12731994.0,0.0
2014-03-15,88202.78723404255,2220.0,286041639.0,1812476.0622455636,70868268.0,0.0
2014-03-22,34481.50573360776,1999.0,117271601.0,655549.572836148,35062752.0,0.0
2014-03-29,225749.5998941519,2000.0,853107738.0,6003816.680229934,290082339.0,0.0
2014-04-05,48582.75756154748,2240.0,207205461.0,865347.4461545554,48105562.0,0.0
2014-04-12,44197.61026773392,1906.0,160127942.0,770054.401768523,41065011.0,0.0
2014-04-19,72632.41691842901,2097.5,192330640.0,1557890.1960156423,72637462.0,0.0
2014-04-26,48393.483837689135,1920.0,140728251.0,705985.7760551418,22800260.0,0.0
2014-05-03,270997.30028689833,1820.0,850118531.0,11989639.378008395,662261166.0,0.0
2014-05-10,70176.10100189548,2000.0,259160341.0,1563031.265336459,69012000.0,0.0
2014-05-17,2093490.060481664,1943.0,7649612681.0,120084202.0315166,7255869086.0,0.0
2014-05-24,68900.61935644799,1980.0,276222583.0,1585233.088723265,87294731.0,0.0
2014-05-31,105688.91654210264,1997.0,424235311.0,1764510.790300035,89999156.0,0.0
2014-06-07,48169.50855539972,1925.0,171724298.0,575735.9420009931,19939044.0,0.0
2014-06-14,66109.82479180013,2000.0,206394873.0,1030165.4753565865,48000000.0,0.0
2014-06-21,96965.7994269341,2062.0,236887448.0,1815927.4106421757,86723154.0,0.0
2014-06-28,94684.81425891182,2046.5,302802036.0,1409203.6037500743,40000000.0,0.0
2014-07-05,95061.21517520996,1900.0,328246376.0,1539481.9531826468,64524964.0,0.0
2014-07-12,45812.97279752705,2099.0,148204967.0,634869.0251649759,28233198.0,0.0
2014-07-19,195050.1128567688,2060.0,744896381.0,4543803.884377725,207789537.0,0.0
2014-07-26,58826.11026808296,1839.0,232598440.0,1636805.1398029965,99737899.0,0.0
2014-08-02,90964.65969246282,1923.0,360856805.0,1688717.1453710138,87072000.0,0.0
2014-08-09,75884.57775541017,1968.5,301565312.0,2123996.043912953,126000000.0,0.0
2014-08-16,65387.35897435898,1897.0,267761235.0,1454967.7221520694,78000000.0,0.0
2014-08-23,46993.13517992424,1910.5,198499003.0,1553699.066706683,99484192.0,0.0
2014-08-30,35827.36070928605,1840.0,153556068.0,771716.8127630837,46728660.0,0.0
2014-09-06,55412.433668341706,1895.0,220541486.0,1128260.89595227,48157075.0,0.0
2014-09-13,206008.4820125786,1978.0,818883716.0,8043412.945586285,489360000.0,0.0
2014-09-20,77942.63477619282,1960.0,316914753.0,1350096.416558048,54673127.0,0.0
2014-09-27,36814.351134540455,1991.0,160621014.0,593940.2072586344,30994359.0,0.0
2014-10-04,49210.19134078212,2219.0,211406982.0,689295.1537249117,26600760.0,0.0
2014-10-11,118573.05201380898,2000.0,515199911.0,3768204.7161363866,241508054.0,0.0
2014-10-18,281721.20635662536,2290.0,1205485042.0,5715913.482830656,183697293.0,0.0
2014-10-25,196715.2403414196,2202.5,875776250.0,3695902.437789103,109986026.0,0.0
2014-11-01,164064.1773241515,2200.0,667084945.0,5582328.16161424,346904512.0,0.0
2014-11-08,184097.0241187384,2635.0,893054664.0,9147874.808428897,628836297.0,0.0
2014-11-15,176500.25162103746,2754.0,979929397.0,4738064.397782959,286545540.0,0.0
2014-11-22,69535.53141459744,2800.0,369650885.0,1545646.883292467,95523409.0,0.0
2014-11-29,242893.36472509528,2701.0,1338585333.0,4202892.244165918,191269212.0,0.0
2014-12-06,327865.18413597735,3648.0,1504573330.0,4718841.657709658,186955253.0,0.0
2014-12-13,221308.80141843972,3340.0,249636328.0,2329778.3238695557,54470394.0,0.0
2014-12-20,929143.8164473685,3876.0,1412298601.0,11347616.929703536,352800000.0,0.0
2014-12-27,343241.569086651,4595.0,293128300.0,2113933.401494071,42500000.0,0.0
2015-01-03,347767.2144469526,5470.0,308121752.0,4637101.774245254,135105650.0,0.0
2015-01-10,270879.8708791209,6024.5,197200546.0,2923934.099702989,54430017.0,0.0
2015-01-17,287756.1663934426,4394.0,351062523.0,2870316.461498719,54430017.0,0.0
2015-01-24,951454.7964426877,3986.5,1444308381.0,14550704.5891406,448546375.0,0.0
2015-01-31,262542.5540254237,3637.0,495680342.0,4498482.677644142,164638453.0,0.0
2015-02-07,175805.61552238805,3000.0,294474406.0,3508698.7373595648,133879538.0,0.0
2015-02-14,108055.21643695763,2878.0,211680169.0,1542969.5039477162,54460000.0,0.0
2015-02-21,595884.5400213447,2175.0,558343814.0,10620198.458894012,286873508.0,0.0
2015-02-28,112996.68348623853,1826.5,320232601.0,2230149.403812398,100936839.0,0.0
2015-03-07,609234.8816674137,2225.0,1359203021.0,15345298.247400051,599795000.0,0.0
2015-03-14,231394.17606768734,2219.0,574320345.0,3970983.2299407087,153464965.0,0.0
2015-03-21,280962.52649144764,2025.0,673467176.0,8402702.382746449,394653123.0,0.0
2015-03-28,209805.22128514055,2038.0,522415001.0,3964873.475044134,161773210.0,0.0
2015-04-04,102638.05770221536,2365.0,199220470.0,1798502.461862216,71370000.0,0.0
2015-04-11,134822.6139896373,2180.0,312249174.0,3237951.7467895807,149726936.0,0.0
2015-04-18,34496.72491638796,2000.0,82516166.0,265358.45378194674,7982581.0,0.0
2015-04-25,47362.82303030303,2100.0,78148658.0,386615.50325862545,11083996.0,0.0
2015-05-02,257441.9190826482,1870.0,594948275.0,7036382.930394146,327699000.0,0.0
2015-05-09,60803.86253369272,1990.0,157907631.0,907440.7317484305,40080000.0,0.0
2015-05-16,57961.61413631446,1850.0,160727556.0,1067311.4286861843,52396103.0,0.0
2015-05-23,211374.22008913266,1870.0,616578600.0,5018255.669595256,189587444.0,0.0
2015-05-30,80325.03788395904,1873.5,235352361.0,1211043.9749508984,42401839.0,0.0
2015-06-06,332806.88241361524,2134.0,645312545.0,10688987.151941577,465355000.0,0.0
2015-06-13,198603.00073746312,1950.0,538611338.0,4420387.568923397,160168869.0,0.0
2015-06-20,160672.44939415538,2000.0,450846893.0,3595754.5244712615,149726936.0,0.0
2015-06-27,159257.26819923372,2001.0,457227617.0,3871547.384559881,171360000.0,0.0
2015-07-04,164506.72675202155,2024.5,488255965.0,4795818.593164412,256219920.0,0.0
2015-07-11,133121.17801801802,1913.0,369411269.0,2666409.120740938,110382338.0,0.0
2015-07-18,154195.81533477321,2000.0,428355975.0,3607593.2405624725,155614165.0,0.0
2015-07-25,605862.5970856101,1850.0,1663092829.0,14275596.367128763,678904773.0,0.0
2015-08-01,114933.74853620955,1785.0,372960014.0,1822168.3971420338,70902020.0,0.0
2015-08-08,106450.3817457443,2022.0,293909504.0,1864740.2793526733,68744417.0,0.0
2015-08-15,41793.288760390315,1900.0,115642030.0,708091.4714457439,30164463.0,0.0
2015-08-22,109716.66282515641,1980.0,333209505.0,2414720.615234261,92975083.0,0.0
2015-08-29,256174.88513974097,2000.0,751617113.0,5694516.579154586,220000000.0,0.0
2015-09-05,121285.07955656994,1950.0,371981339.0,2163901.4569709017,78828819.0,0.0
2015-09-12,58358.02520661157,1843.0,141226421.0,1022705.7109832459,41410677.0,0.0
2015-09-19,82848.56866476372,1970.0,261221537.0,2695597.0361635876,142543980.0,0.0
2015-09-26,83744.51094434022,2000.0,267814946.0,1755038.8822716558,75965785.0,0.0
2015-10-03,188515.5860017002,2100.0,665271503.0,3496531.662835276,141998263.0,0.0
2015-10-10,41524.625109489054,2100.0,142221841.0,564379.4094489844,20964130.0,0.0
2015-10-17,135053.40590879897,2360.0,420556306.0,2589605.591626558,114128210.0,0.0
2015-10-24,35769.62354085603,2500.0,147084692.0,546246.2065592577,30810192.0,0.0
2015-10-31,64650.62945866555,2593.0,308124900.0,1455099.9180109734,84240000.0,0.0
2015-11-07,52379.96601800755,2625.0,180344223.0,569769.375871958,19000000.0,0.0
2015-11-14,73657.13811854269,3000.0,270910954.0,1028364.4064943038,52180105.0,0.0
2015-11-21,131404.51599353796,2590.0,406696977.0,1432296.7549122178,36209429.0,0.0
2015-11-28,1350733.3837792643,2906.0,4846431381.0,75547474.8994725,4525000000.0,0.0
2015-12-05,509976.5432236475,3279.0,1828775884.0,6669690.279825125,275684861.0,0.0
2015-12-12,215972.07134955752,3350.0,390477505.0,2266520.572144798,70737811.0,0.0
2015-12-19,1146822.4625253207,4070.0,1698444067.0,18800054.012246314,636223060.0,0.0
2015-12-26,1212172.5854063018,5150.0,730940069.0,15468052.074551752,360316817.0,0.0
2016-01-02,348294.8505603985,6133.0,279680765.0,1623503.9143636841,23968500.0,0.0
2016-01-09,7191604.5992010655,6000.0,5400895054.0,191795883.00623333,5259618000.0,0.0
2016-01-16,690594.5212121212,4002.0,797636672.0,14921152.375369923,469831028.0,0.0
2016-01-23,1130189.238570241,3675.0,1359617654.0,21100353.19094747,611555025.0,0.0
2016-01-30,83902.68761667704,3162.0,134831619.0,765236.5477581797,17813325.0,0.0
2016-02-06,87640.41899804815,2660.0,134703324.0,956356.2584290402,24455456.0,0.0
2016-02-13,805611.7929759704,2800.0,871671960.0,17000160.265007474,471500000.0,0.0
2016-02-20,98663.27798682972,2086.5,209758129.0,1626172.4204258984,59278379.0,0.0
2016-02-27,79836.93092105263,2174.5,194163416.0,1011930.8288750326,39340920.0,0.0
2016-03-05,75836.47294418406,2177.0,177988202.0,1036285.8994463806,40444177.0,0.0
2016-03-12,85412.22393228165,2000.0,221986370.0,1097022.2913796308,40635000.0,0.0
2016-03-19,392279.27689075633,2018.0,933624679.0,15991573.111634899,778680000.0,0.0
2016-03-26,116045.76777722526,2160.0,233368039.0,2395112.443007605,90000000.0,0.0
2016-04-02,68902.57206632652,2000.0,216078466.0,1142176.048814406,47489194.0,0.0
2016-04-09,121186.11213826366,2024.5,301511047.0,3806120.1854117326,187001547.0,0.0
2016-04-16,181354.3831562974,2000.0,478050154.0,3908021.4078109367,163065042.0,0.0
2016-04-23,74379.4379049676,2200.0,137750719.0,1430593.017703683,59971449.0,0.0
2016-04-30,656620.0666235447,1903.5,2030269246.0,22572512.505564474,1162002495.0,0.0
2016-05-07,62304.837175265275,2100.0,170279120.0,721032.3724869485,22100000.0,0.0
2016-05-14,138254.1873091279,2108.0,407435090.0,2108533.7246480677,70600324.0,0.0
2016-05-21,79841.05915692526,2000.0,225391310.0,1836603.1146817363,87757873.0,0.0
2016-05-28,118836.20614263405,2248.0,228284352.0,3413637.6901720148,148750000.0,0.0
2016-06-04,90510.45276028158,2085.0,244287712.0,2703908.521692254,138328769.0,0.0
2016-06-11,29304.748133595283,2000.0,74580584.0,251633.89818589485,7316134.0,0.0
2016-06-18,53255.84812088338,2098.0,137453344.0,916400.4342617609,35403000.0,0.0
2016-06-25,161732.54376657825,2158.0,426812183.0,2748855.982885529,86948160.0,0.0
2016-07-02,154149.589693155,2106.5,391848257.0,3253698.5284556085,149890545.0,0.0
2016-07-09,378055.78883798415,2110.0,907711949.0,13523901.813745262,656550000.0,0.0
2016-07-16,896999.4641899655,2183.0,2342065601.0,16220806.452418672,510497419.0,0.0
2016-07-23,360734.22084367246,2005.0,872255346.0,12231453.296369523,596860059.0,0.0
2016-07-30,272023.29981308413,2090.0,727662327.0,6067504.995198433,215144116.0,0.0
2016-08-06,55512.19760726073,2053.5,134561567.0,1201962.2908175401,57637545.0,0.0
2016-08-13,163423.01824077827,2100.0,403164586.0,6059680.239424314,300400000.0,0.0
2016-08-20,292274.6672443674,1822.5,674569932.0,3979477.442269175,114020466.0,0.0
2016-08-27,91510.06772606887,1792.0,241861109.0,1547952.8316247484,66752000.0,0.0
2016-09-03,153012.77258779405,1820.0,448786462.0,3818075.8078775182,167399737.0,0.0
2016-09-10,657449.1252371917,1990.0,1385902756.0,16458453.31999258,621880336.0,0.0
2016-09-17,38411.409303882196,1959.5,114773291.0,366056.742565863,12445182.0,0.0
2016-09-24,240759.67735470942,1980.0,720834474.0,4288406.763203979,128636457.0,0.0
2016-10-01,138895.22396343455,2180.0,425436071.0,3118195.2848248896,159981616.0,0.0
2016-10-08,56061.88814531549,2000.0,175922205.0,1020831.7338544161,47500000.0,0.0
2016-10-15,46015.82021685904,2142.0,131559230.0,580747.4902670385,20074342.0,0.0
2016-10-22,81084.33277263807,2150.0,289227815.0,1355714.9944407172,48654000.0,0.0
2016-10-29,106117.42362294151,2493.0,373745566.0,2333130.563233757,116041111.0,0.0
2016-11-05,133281.29725648125,2820.0,529526594.0,4582054.89551464,285841592.0,0.0
2016-11-12,169608.65450861194,2802.5,669614968.0,4808046.223682959,288420000.0,0.0
2016-11-19,2491739.116015625,2716.0,6378852137.0,117432652.47723968,5939679681.0,0.0
2016-11-26,598688.0289123451,2800.0,2609082430.0,28757230.57587645,1890170000.0,0.0
2016-12-03,660485.2408846384,3000.0,3314975424.0,35648743.45302699,2516394670.0,0.0
2016-12-10,560921.956122449,3733.0,549703517.0,5359332.415777936,126517851.0,0.0
2016-12-17,299554.304518664,3744.0,457419423.0,4162678.3243347076,127804931.0,0.0
2016-12-24,535909.7915479582,3497.0,1128626021.0,10482232.07317121,439800000.0,0.0
2016-12-31,599433.6230677764,3737.0,1008247354.0,9597606.67952231,328057657.0,0.0
2017-01-07,511044.1402550091,5862.0,280563233.0,2827701.507486676,46631070.0,0.0
2017-01-14,122850.08474576271,4500.0,79729705.0,632409.6281734913,8329366.0,0.0
2017-01-21,287053.11880409124,3600.0,364844514.0,6741164.833342818,239275006.0,0.0
2017-01-28,195855.1387992253,3300.0,303379610.0,2626314.867547909,78892415.0,0.0
2017-02-04,452760.4366940211,2633.0,772409305.0,9661446.100651674,369091000.0,0.0
2017-02-11,246628.13496932515,2650.0,442204246.0,3092291.015761865,90888967.0,0.0
2017-02-18,63616.80933266433,2499.0,126788301.0,1414980.8744427597,62330000.0,0.0
2017-02-25,332362.5499490316,2495.0,652095323.0,9068965.119274972,394437350.0,0.0
2017-03-04,435097.12540894223,2340.0,398984064.0,10394480.045235047,314469529.0,0.0
2017-03-11,415265.3926320892,2370.0,856692505.0,9562261.128700575,398849173.0,0.0
2017-03-18,524714.3567115653,2101.0,1129710010.0,18765754.169465955,864600000.0,0.0
2017-03-25,219220.86876075732,1891.0,509469299.0,3685965.7595478348,131172504.0,0.0
2017-04-01,201642.4150147617,2230.0,478094166.0,4582119.910851135,206502013.0,0.0
2017-04-08,147812.21050289273,1898.0,332134037.0,4824101.670482748,227054003.0,0.0
2017-04-15,151108.451255108,2118.0,258848777.0,1906340.9792729814,60983959.0,0.0
2017-04-22,159537.14192849403,1980.0,294505564.0,2455088.0108314743,62888467.0,0.0
2017-04-29,293219.40525059664,2000.0,614294654.0,4565842.95609967,153758343.0,0.0
2017-05-06,66247.40615224192,2088.5,127062525.0,820882.8347403379,26082665.0,0.0
2017-05-13,43251.181818181816,2000.0,116561935.0,488600.89351671067,16778000.0,0.0
2017-05-20,145076.77680274704,1975.0,380246232.0,2968690.8983070035,135622538.0,0.0
2017-05-27,44763.61322957199,2000.0,115042486.0,680869.0625645778,23804060.0,0.0
2017-06-03,246965.43928959768,2044.0,681377647.0,3152095.3549033073,91511297.0,0.0
2017-06-10,60756.32784250703,2180.0,151222500.0,666534.0843958062,17035117.0,0.0
2017-06-17,83739.2503945292,1960.0,159188315.0,1140765.1346659493,29733000.0,0.0
2017-06-24,90247.62272367379,2000.0,227965495.0,1826717.0504412206,80000000.0,0.0
2017-07-01,169100.33492659612,1990.0,495294881.0,5562453.079962751,296700000.0,0.0
2017-07-08,164672.97163120567,2111.0,417940002.0,3475800.0960105914,141373678.0,0.0
2017-07-15,242718.11717249328,1880.0,631795259.0,10307171.283288313,525190375.0,0.0
2017-07-22,65555.02253401361,2040.0,154185413.0,1268318.6300287805,55800000.0,0.0
2017-07-29,84437.24667774087,1999.0,203324890.0,1198391.8124730699,43213194.0,0.0
2017-08-05,189523.49651496514,2085.0,462247808.0,4083975.5682361624,183378000.0,0.0
2017-08-12,91987.21901323706,2030.0,229324137.0,1653788.982540697,69743109.0,0.0
2017-08-19,258680.78900156007,2000.0,663257543.0,4782637.817941687,171157042.0,0.0
2017-08-26,135437.8524653313,2240.0,351596665.0,3312541.093210014,154497481.0,0.0
2017-09-02,150425.1330581137,1779.0,473688744.0,2389511.8472818197,84782260.0,0.0
2017-09-09,114594.7834325934,2046.0,211656565.0,3686109.2094293186,157788050.0,0.0
2017-09-16,58516.2026831037,2094.0,161387687.0,920468.9553387886,32113000.0,0.0
2017-09-23,674984.6005251313,2050.0,1799508945.0,32144788.335600246,1659666294.0,0.0
2017-09-30,123448.24032042724,2237.5,369850928.0,2949485.8402747465,150921310.0,0.0
2017-10-07,191370.08303249098,2252.5,530095130.0,5628865.133179526,258120000.0,0.0
2017-10-14,303577.9672727273,2460.5,667871528.0,5752537.827128093,196650000.0,0.0
2017-10-21,210669.22781335772,2300.0,690784398.0,3957586.978568022,162973960.0,0.0
2017-10-28,91318.14748923959,2160.0,318243744.0,2043250.5169397253,109494214.0,0.0
2017-11-04,303876.0213278294,2560.0,883367594.0,9349165.190182546,493050000.0,0.0
2017-11-11,49112.69912255873,2500.0,173515166.0,617893.7343311328,25195224.0,0.0
2017-11-18,159367.33659924148,2634.5,504238253.0,2699539.486891325,112000000.0,0.0
2017-11-25,695195.9893591293,3040.0,2874635416.0,26119239.112020154,1560332213.0,0.0
2017-12-02,482585.48870192305,2950.0,2007555633.0,23696276.81548177,1525996145.0,0.0
2017-12-09,691161.4084345633,3655.0,3015537225.0,12902229.911334917,663575000.0,0.0
2017-12-16,554345.0727718724,4375.0,677964024.0,6992434.310861147,207969798.0,0.0
2017-12-23,720024.4811273277,4115.0,1430688644.0,9224815.200795483,286399982.0,0.0
2017-12-30,651331.4414090583,4950.0,906002035.0,4311661.749707331,108201658.0,0.0
2018-01-06,337842.3588235294,5200.0,114866402.0,2313145.469844829,38233223.0,0.0
2018-01-13,136464.39646869985,4946.0,85017319.0,686981.9110373631,7824168.0,0.0
2018-01-20,1105931.5521235522,4000.0,1145745088.0,20167590.225772418,620632273.0,0.0
2018-01-27,309915.326306914,3000.0,367559577.0,6761463.529662078,229839500.0,0.0
2018-02-03,496266.77076826984,3434.0,794523100.0,13779112.782494903,545481975.0,0.0
2018-02-10,163624.91835518475,2283.0,274562613.0,1566321.8424426059,47378945.0,0.0
2018-02-17,233974.75966850828,2135.0,169397726.0,2529062.7990525877,56309506.0,0.0
2018-02-24,569870.6426332288,2380.0,1090732410.0,12375532.142189695,451683962.0,0.0
2018-03-03,623902.372978116,2362.0,1311442788.0,11508522.75413372,340119000.0,0.0
2018-03-10,279841.83774250443,2200.0,634681288.0,9035454.571454369,427905000.0,0.0
2018-03-17,148508.0101265823,2301.0,351963984.0,2296253.435128879,67575000.0,0.0
2018-03-24,115903.37860262008,2451.0,265418737.0,1630219.2472387035,49200000.0,0.0
2018-03-31,1210794.5455486542,2620.0,1169627531.0,29384455.060273416,909600000.0,0.0
2018-04-07,137542.5197098707,2024.0,436147330.0,4121201.627009084,222896819.0,0.0
2018-04-14,400019.5026923077,1995.5,1040050707.0,12414617.701912697,592967356.0,0.0
2018-04-21,91639.42968142968,2210.5,235879892.0,1513240.370682298,53460000.0,0.0
2018-04-28,90578.3862973761,2127.5,248547092.0,1568338.784065789,57056353.0,0.0
2018-05-05,343353.15777777776,2590.0,618035684.0,11463111.961653844,485771461.0,0.0
2018-05-12,86222.38310060867,2133.0,240819116.0,2355135.4521297524,121934706.0,0.0
2018-05-19,150932.95204081634,2092.5,443742879.0,5303230.367406476,284822553.0,0.0
2018-05-26,458300.52409853623,2235.0,1283699768.0,12075295.596221445,620632273.0,0.0
2018-06-02,134567.08267716537,2474.5,239260273.0,2045124.9738267972,73284820.0,0.0
2018-06-09,62952.35934065934,2003.0,171859941.0,808412.59145323,28227601.0,0.0
2018-06-16,207699.41292775667,1984.0,546249456.0,5267891.34095574,237697011.0,0.0
2018-06-23,253460.8448764682,2115.0,625794826.0,5195838.117995432,222000000.0,0.0
2018-06-30,247937.54472727273,2081.5,681828248.0,4392421.716910684,144021796.0,0.0
2018-07-07,101216.67226890757,2000.0,228850896.0,1571252.1808264966,63967196.0,0.0
2018-07-14,181802.8074512535,2104.5,522137663.0,3321785.697895693,151350314.0,0.0
2018-07-21,64062.71166613974,2360.0,202630357.0,1299035.3672926375,69075624.0,0.0
2018-07-28,56724.134638922886,2359.5,185374472.0,714885.9179010143,24073674.0,0.0
2018-08-04,37009.74778761062,2400.0,125463045.0,446385.8487910102,14649477.0,0.0
2018-08-11,111667.53999396318,2370.0,369954560.0,2113493.0593130025,99875565.0,0.0
2018-08-18,359787.6170403587,2280.0,1203489579.0,10422530.041455077,567420000.0,0.0
2018-08-25,76101.3909904707,2400.0,263539117.0,1049035.6240319302,35481858.0,0.0
2018-09-01,117228.97399150743,2257.0,441718774.0,3137431.1152437706,168800000.0,0.0
2018-09-08,72583.71782339524,2150.0,222759430.0,992763.2649804762,44523000.0,0.0
2018-09-15,146382.61439790577,2041.5,559181587.0,4622064.0676555885,198316860.0,0.0
2018-09-22,168751.1478927203,2450.0,660660744.0,5650643.092951982,336715127.0,0.0
2018-09-29,126722.71083472854,2400.0,529827654.0,2531853.4107036227,116851835.0,0.0
2018-10-06,90069.98090884647,2488.0,334970259.0,3018144.292648544,182215031.0,0.0
2018-10-13,49666.67238737358,2789.0,162062352.0,561605.9009953565,20000000.0,0.0
2018-10-20,247179.81059470263,2965.0,989213602.0,4002011.718872941,156732967.0,0.0
2018-10-27,363118.48210574925,2800.0,1572666146.0,13541246.395496374,864000000.0,0.0
2018-11-03,98808.73236309817,2899.5,400570601.0,3575288.9459183607,226374000.0,0.0
2018-11-10,136995.7878466702,3955.0,775533155.0,3143822.2882269435,187795582.0,0.0
2018-11-17,121252.31471816284,3831.0,464638870.0,2384811.9391072597,122718726.0,0.0
2018-11-24,614890.82122571,3492.0,2056809797.0,27062836.122439947,1549003735.0,0.0
2018-12-01,196806.42990654206,3032.0,989739536.0,8154735.079442248,572850000.0,0.0
2018-12-08,271308.2827412989,4820.0,1512272368.0,5790166.790691065,357000000.0,0.0
2018-12-15,426253.9054726368,6057.5,514062210.0,3402277.8671436007,74993113.0,0.0
2018-12-22,836371.648715415,6184.0,1692816217.0,15367022.024037967,598724698.0,0.0
2018-12-29,1260126.296178344,6745.0,1978398285.0,25880287.51923796,968960000.0,0.0
2019-01-05,301050.8940397351,8959.0,90917370.0,1387371.9847302688,15000000.0,0.0
